Etc/UTC,Open,High,Low,Close,Volume
2026-07-31T00:00:00+00:00,28295.086,28298.664,28284.119,28291.653,79420
2026-07-31T00:01:00+00:00,28291.376,28293.208,28270.998,28271.075,77880
2026-07-31T00:02:00+00:00,28270.531,28287.565,28270.143,28279.887,78540
2026-07-31T00:03:00+00:00,28279.964,28311.087,28279.565,28310.619,80960
2026-07-31T00:04:00+00:00,28311.289,28315.087,28304.008,28305.021,69520
2026-07-31T00:05:00+00:00,28304.665,28314.542,28298.608,28314.532,76340
2026-07-31T00:06:00+00:00,28314.665,28326.199,28303.209,28306.932,78540
2026-07-31T00:07:00+00:00,28306.165,28314.689,28299.898,28314.575,80740
2026-07-31T00:08:00+00:00,28314.497,28327.975,28310.497,28320.41,78760
2026-07-31T00:09:00+00:00,28319.91,28328.832,28314.41,28314.41,74800
2026-07-31T00:10:00+00:00,28314.175,28321.019,28305.343,28315.654,73480
2026-07-31T00:11:00+00:00,28315.465,28325.475,28313.443,28324.864,78540
2026-07-31T00:12:00+00:00,28323.875,28326.909,28316.209,28324.365,74360
2026-07-31T00:13:00+00:00,28324.508,28333.51,28322.564,28329.31,73480
2026-07-31T00:14:00+00:00,28329.586,28348.609,28329.586,28340.109,73040
2026-07-31T00:15:00+00:00,28340.364,28349.831,28339.021,28345.343,75460
2026-07-31T00:16:00+00:00,28345.408,28345.408,28322.365,28329.143,72820
2026-07-31T00:17:00+00:00,28329.098,28333.519,28321.886,28324.354,70180
2026-07-31T00:18:00+00:00,28323.186,28335.299,28320.51,28333.542,72160
2026-07-31T00:19:00+00:00,28333.032,28352.187,28332.597,28348.998,69960
2026-07-31T00:20:00+00:00,28349.054,28360.465,28345.621,28355.299,73040
2026-07-31T00:21:00+00:00,28354.564,28357.675,28330.897,28330.897,79420
2026-07-31T00:22:00+00:00,28329.954,28338.086,28326.564,28334.599,75900
2026-07-31T00:23:00+00:00,28335.021,28347.976,28333.832,28347.008,75240
2026-07-31T00:24:00+00:00,28347.086,28352.619,28338.642,28345.521,76780
2026-07-31T00:25:00+00:00,28345.875,28346.699,28338.954,28342.965,74800
2026-07-31T00:26:00+00:00,28342.564,28347.997,28339.92,28342.321,69520
2026-07-31T00:27:00+00:00,28342.208,28346.342,28337.431,28342.521,72820
2026-07-31T00:28:00+00:00,28342.709,28348.432,28336.364,28345.842,74800
2026-07-31T00:29:00+00:00,28344.709,28354.986,28338.697,28354.909,70400
2026-07-31T00:30:00+00:00,28354.699,28367.299,28353.476,28367.12,70400
2026-07-31T00:31:00+00:00,28367.154,28373.098,28362.389,28364.186,75460
2026-07-31T00:32:00+00:00,28364.032,28372.089,28361.31,28371.543,66440
2026-07-31T00:33:00+00:00,28371.442,28380.476,28367.689,28379.054,69080
2026-07-31T00:34:00+00:00,28378.898,28382.109,28376.087,28379.909,69300
2026-07-31T00:35:00+00:00,28378.132,28380.887,28376.375,28379.543,63580
2026-07-31T00:36:00+00:00,28379.889,28379.889,28363.097,28367.508,74580
2026-07-31T00:37:00+00:00,28368.189,28374.665,28364.019,28369.61,75900
2026-07-31T00:38:00+00:00,28369.32,28379.132,28366.564,28373.608,70620
2026-07-31T00:39:00+00:00,28373.709,28375.164,28363.154,28366.953,70840
2026-07-31T00:40:00+00:00,28367.142,28370.108,28356.921,28357.475,72160
2026-07-31T00:41:00+00:00,28358.099,28364.02,28355.353,28358.289,73920
2026-07-31T00:42:00+00:00,28357.897,28369.199,28357.175,28362.865,67320
2026-07-31T00:43:00+00:00,28362.153,28369.131,28356.675,28367.998,69740
2026-07-31T00:44:00+00:00,28368.089,28371.587,28362.397,28371.587,73260
2026-07-31T00:45:00+00:00,28371.976,28373.521,28365.353,28366.086,73040
2026-07-31T00:46:00+00:00,28365.898,28365.898,28344.553,28348.464,77440
2026-07-31T00:47:00+00:00,28348.553,28354.799,28343.087,28353.619,77660
2026-07-31T00:48:00+00:00,28353.408,28355.599,28346.919,28355.175,75460
2026-07-31T00:49:00+00:00,28356.02,28357.389,28341.91,28345.843,72380
2026-07-31T00:50:00+00:00,28345.664,28357.189,28345.32,28353.709,70180
2026-07-31T00:51:00+00:00,28353.909,28360.289,28349.932,28355.219,73700
2026-07-31T00:52:00+00:00,28355.199,28365.51,28353.621,28362.899,65340
2026-07-31T00:53:00+00:00,28362.643,28365.497,28357.987,28360.175,68860
2026-07-31T00:54:00+00:00,28360.386,28363.01,28352.664,28354.789,70620
2026-07-31T00:55:00+00:00,28354.354,28368.589,28353.054,28367.932,71280
2026-07-31T00:56:00+00:00,28368.386,28372.686,28366.398,28372.686,66220
2026-07-31T00:57:00+00:00,28372.986,28377.099,28369.487,28375.41,70180
2026-07-31T00:58:00+00:00,28375.186,28388.119,28375.186,28387.164,61380
2026-07-31T00:59:00+00:00,28386.954,28397.042,28386.954,28394.875,64020
2026-07-31T01:00:00+00:00,28394.953,28409.889,28394.953,28407.143,77220
2026-07-31T01:01:00+00:00,28406.664,28420.289,28405.686,28420.164,75240
2026-07-31T01:02:00+00:00,28420.186,28424.019,28416.008,28417.889,69740
2026-07-31T01:03:00+00:00,28417.642,28420.089,28413.609,28415.519,64020
2026-07-31T01:04:00+00:00,28415.343,28422.397,28414.387,28421.487,67100
2026-07-31T01:05:00+00:00,28421.842,28431.299,28418.453,28430.697,67100
2026-07-31T01:06:00+00:00,28430.608,28440.089,28430.375,28437.632,73480
2026-07-31T01:07:00+00:00,28437.386,28442.097,28434.997,28435.443,65120
2026-07-31T01:08:00+00:00,28435.175,28438.009,28432.487,28437.087,66660
2026-07-31T01:09:00+00:00,28436.687,28441.299,28435.019,28439.375,70180
2026-07-31T01:10:00+00:00,28439.098,28440.909,28434.675,28434.675,53240
2026-07-31T01:11:00+00:00,28434.853,28439.665,28431.154,28432.998,72820
2026-07-31T01:12:00+00:00,28432.565,28436.019,28428.431,28434.699,66440
2026-07-31T01:13:00+00:00,28434.375,28436.599,28431.81,28433.965,65340
2026-07-31T01:14:00+00:00,28433.653,28435.454,28428.154,28432.997,66220
2026-07-31T01:15:00+00:00,28433.176,28443.087,28430.943,28441.932,68640
2026-07-31T01:16:00+00:00,28442.043,28444.599,28436.52,28438.654,66880
2026-07-31T01:17:00+00:00,28438.889,28442.831,28435.631,28438.519,67980
2026-07-31T01:18:00+00:00,28438.664,28444.299,28430.508,28431.186,66000
2026-07-31T01:19:00+00:00,28431.898,28435.097,28430.665,28432.453,58520
2026-07-31T01:20:00+00:00,28432.519,28443.52,28430.464,28442.119,60060
2026-07-31T01:21:00+00:00,28442.321,28443.442,28439.02,28441.964,59180
2026-07-31T01:22:00+00:00,28441.408,28443.019,28439.142,28441.81,53240
2026-07-31T01:23:00+00:00,28441.986,28442.831,28430.553,28430.954,66220
2026-07-31T01:24:00+00:00,28431.353,28431.509,28420.02,28428.186,67760
2026-07-31T01:25:00+00:00,28427.632,28439.408,28426.709,28437.419,64680
2026-07-31T01:26:00+00:00,28437.621,28442.119,28437.076,28440.621,63140
2026-07-31T01:27:00+00:00,28440.942,28443.397,28428.887,28429.643,68420
2026-07-31T01:28:00+00:00,28429.487,28431.399,28421.81,28425.942,64680
2026-07-31T01:29:00+00:00,28425.532,28425.532,28415.975,28422.687,64900
2026-07-31T01:30:00+00:00,28421.698,28430.998,28416.021,28424.199,75240
2026-07-31T01:31:00+00:00,28423.853,28424.219,28409.132,28409.409,77000
2026-07-31T01:32:00+00:00,28408.92,28409.131,28398.208,28404.897,74360
2026-07-31T01:33:00+00:00,28404.708,28412.209,28403.62,28411.11,71720
2026-07-31T01:34:00+00:00,28412.031,28414.421,28398.175,28408.065,76340
2026-07-31T01:35:00+00:00,28409.789,28409.789,28391.654,28394.62,75020
2026-07-31T01:36:00+00:00,28395.487,28395.487,28388.043,28390.62,76120
2026-07-31T01:37:00+00:00,28389.92,28390.709,28372.12,28384.475,71720
2026-07-31T01:38:00+00:00,28384.01,28384.51,28373.342,28379.542,71940
2026-07-31T01:39:00+00:00,28378.454,28383.408,28374.51,28381.11,76560
2026-07-31T01:40:00+00:00,28381.008,28384.019,28363.598,28373.899,76560
2026-07-31T01:41:00+00:00,28373.475,28380.197,28369.876,28369.876,75680
2026-07-31T01:42:00+00:00,28370.02,28381.465,28370.02,28379.709,70180
2026-07-31T01:43:00+00:00,28379.52,28380.354,28365.997,28368.353,71280
2026-07-31T01:44:00+00:00,28368.187,28370.089,28362.064,28369.632,67540
2026-07-31T01:45:00+00:00,28370.01,28371.953,28362.131,28362.176,74800
2026-07-31T01:46:00+00:00,28362.132,28364.389,28353.354,28355.409,73920
2026-07-31T01:47:00+00:00,28355.498,28356.975,28338.197,28342.81,73260
2026-07-31T01:48:00+00:00,28342.353,28355.708,28339.053,28343.865,77660
2026-07-31T01:49:00+00:00,28343.542,28354.289,28338.854,28340.053,77440
2026-07-31T01:50:00+00:00,28340.142,28343.508,28328.32,28332.52,74580
2026-07-31T01:51:00+00:00,28332.497,28346.875,28329.453,28341.82,77660
2026-07-31T01:52:00+00:00,28340.865,28357.876,28340.354,28352.476,73040
2026-07-31T01:53:00+00:00,28352.821,28354.698,28345.487,28345.686,73480
2026-07-31T01:54:00+00:00,28344.465,28345.342,28331.61,28339.099,73920
2026-07-31T01:55:00+00:00,28338.997,28343.597,28331.043,28343.119,75460
2026-07-31T01:56:00+00:00,28342.654,28357.099,28341.043,28353.975,72160
2026-07-31T01:57:00+00:00,28354.364,28354.431,28342.854,28351.876,73700
2026-07-31T01:58:00+00:00,28352.065,28352.51,28343.654,28343.654,70620
2026-07-31T01:59:00+00:00,28344.208,28350.198,28340.597,28349.375,75680
2026-07-31T02:00:00+00:00,28349.598,28370.919,28349.299,28368.621,71060
2026-07-31T02:01:00+00:00,28368.032,28371.853,28354.719,28354.854,71060
2026-07-31T02:02:00+00:00,28355.075,28357.865,28338.643,28338.697,75020
2026-07-31T02:03:00+00:00,28339.354,28343.299,28325.821,28325.954,71500
2026-07-31T02:04:00+00:00,28325.386,28329.409,28317.342,28318.619,74360
2026-07-31T02:05:00+00:00,28319.097,28329.676,28314.065,28326.899,71940
2026-07-31T02:06:00+00:00,28326.81,28346.009,28325.01,28335.864,75020
2026-07-31T02:07:00+00:00,28335.854,28348.075,28331.608,28332.186,73920
2026-07-31T02:08:00+00:00,28332.697,28338.131,28330.642,28332.986,67760
2026-07-31T02:09:00+00:00,28332.82,28346.609,28330.464,28345.021,64240
2026-07-31T02:10:00+00:00,28344.62,28344.986,28326.008,28330.054,71500
2026-07-31T02:11:00+00:00,28330.099,28333.876,28319.665,28320.676,70620
2026-07-31T02:12:00+00:00,28320.487,28326.51,28313.053,28324.954,73040
2026-07-31T02:13:00+00:00,28325.01,28327.189,28317.175,28321.342,72820
2026-07-31T02:14:00+00:00,28321.897,28322.789,28306.553,28309.954,71280
2026-07-31T02:15:00+00:00,28310.065,28311.143,28294.998,28297.543,72160
2026-07-31T02:16:00+00:00,28297.889,28298.054,28287.954,28293.519,73700
2026-07-31T02:17:00+00:00,28292.975,28293.908,28283.153,28286.165,68640
2026-07-31T02:18:00+00:00,28286.021,28294.699,28282.943,28294.699,70620
2026-07-31T02:19:00+00:00,28295.398,28295.398,28274.098,28278.197,69080
2026-07-31T02:20:00+00:00,28278.509,28291.898,28278.509,28281.898,71940
2026-07-31T02:21:00+00:00,28281.598,28300.789,28279.642,28299.599,69960
2026-07-31T02:22:00+00:00,28299.498,28300.52,28287.321,28288.532,67760
2026-07-31T02:23:00+00:00,28289.631,28293.599,28284.409,28291.632,69740
2026-07-31T02:24:00+00:00,28291.41,28294.031,28274.109,28282.176,69520
2026-07-31T02:25:00+00:00,28282.486,28287.854,28278.032,28284.597,70400
2026-07-31T02:26:00+00:00,28284.354,28289.299,28283.52,28288.675,68200
2026-07-31T02:27:00+00:00,28287.708,28299.486,28287.432,28292.942,62920
2026-07-31T02:28:00+00:00,28293.31,28297.943,28291.042,28294.175,59400
2026-07-31T02:29:00+00:00,28294.364,28298.975,28288.697,28295.119,61160
2026-07-31T02:30:00+00:00,28295.097,28297.299,28281.108,28294.908,68200
2026-07-31T02:31:00+00:00,28294.464,28301.576,28292.11,28293.408,65120
2026-07-31T02:32:00+00:00,28293.509,28299.165,28292.51,28298.686,62040
2026-07-31T02:33:00+00:00,28298.975,28303.689,28293.12,28301.942,64020
2026-07-31T02:34:00+00:00,28302.342,28304.531,28292.908,28293.475,66660
2026-07-31T02:35:00+00:00,28292.831,28294.186,28284.331,28284.642,72160
2026-07-31T02:36:00+00:00,28284.864,28286.689,28279.986,28284.119,66440
2026-07-31T02:37:00+00:00,28283.943,28284.998,28262.453,28265.61,70620
2026-07-31T02:38:00+00:00,28265.689,28289.409,28265.619,28289.119,72600
2026-07-31T02:39:00+00:00,28289.099,28289.789,28280.01,28283.175,67540
2026-07-31T02:40:00+00:00,28283.289,28294.943,28283.065,28291.92,66220
2026-07-31T02:41:00+00:00,28291.865,28293.454,28286.832,28287.832,65560
2026-07-31T02:42:00+00:00,28287.321,28290.289,28274.832,28276.889,69520
2026-07-31T02:43:00+00:00,28276.853,28287.099,28274.954,28284.608,67320
2026-07-31T02:44:00+00:00,28284.886,28293.886,28280.52,28293.198,64240
2026-07-31T02:45:00+00:00,28293.853,28303.987,28293.853,28303.121,67320
2026-07-31T02:46:00+00:00,28303.689,28310.399,28301.589,28301.589,63360
2026-07-31T02:47:00+00:00,28300.799,28304.676,28296.565,28302.542,67100
2026-07-31T02:48:00+00:00,28302.51,28305.497,28293.142,28293.886,64900
2026-07-31T02:49:00+00:00,28293.61,28294.009,28274.442,28278.821,63580
2026-07-31T02:50:00+00:00,28278.531,28282.197,28270.686,28282.197,65340
2026-07-31T02:51:00+00:00,28282.097,28289.654,28277.321,28285.898,68420
2026-07-31T02:52:00+00:00,28285.553,28292.289,28281.964,28291.889,67320
2026-07-31T02:53:00+00:00,28291.919,28295.01,28286.898,28289.119,61380
2026-07-31T02:54:00+00:00,28289.165,28292.598,28285.01,28285.921,67540
2026-07-31T02:55:00+00:00,28285.832,28299.108,28283.532,28299.108,67760
2026-07-31T02:56:00+00:00,28299.154,28300.908,28287.532,28295.709,67100
2026-07-31T02:57:00+00:00,28295.842,28306.053,28292.854,28305.475,60280
2026-07-31T02:58:00+00:00,28305.209,28309.119,28298.82,28299.908,64680
2026-07-31T02:59:00+00:00,28299.554,28305.176,28296.498,28304.953,63140
2026-07-31T03:00:00+00:00,28304.609,28305.031,28293.109,28297.42,71280
2026-07-31T03:01:00+00:00,28297.654,28297.82,28282.697,28297.82,75240
2026-07-31T03:02:00+00:00,28297.409,28303.01,28290.443,28298.832,68420
2026-07-31T03:03:00+00:00,28298.654,28302.197,28294.587,28302.143,66220
2026-07-31T03:04:00+00:00,28302.109,28305.665,28298.332,28299.564,67320
2026-07-31T03:05:00+00:00,28299.343,28300.542,28294.176,28299.654,68860
2026-07-31T03:06:00+00:00,28299.11,28301.387,28294.021,28298.799,69300
2026-07-31T03:07:00+00:00,28298.897,28301.199,28295.12,28299.42,63140
2026-07-31T03:08:00+00:00,28299.187,28307.199,28296.009,28302.799,66660
2026-07-31T03:09:00+00:00,28302.498,28302.998,28296.665,28299.699,62480
2026-07-31T03:10:00+00:00,28299.32,28301.132,28284.921,28288.197,68420
2026-07-31T03:11:00+00:00,28288.453,28308.209,28284.475,28297.597,74800
2026-07-31T03:12:00+00:00,28297.997,28297.997,28270.498,28282.398,75900
2026-07-31T03:13:00+00:00,28281.998,28286.454,28274.01,28276.131,70620
2026-07-31T03:14:00+00:00,28275.697,28291.789,28270.564,28290.92,71940
2026-07-31T03:15:00+00:00,28290.642,28298.375,28289.953,28295.354,71500
2026-07-31T03:16:00+00:00,28296.089,28312.009,28293.109,28311.821,70180
2026-07-31T03:17:00+00:00,28311.943,28319.899,28311.943,28318.632,66000
2026-07-31T03:18:00+00:00,28317.886,28320.842,28315.086,28318.087,66440
2026-07-31T03:19:00+00:00,28317.889,28328.642,28315.11,28328.097,64460
2026-07-31T03:20:00+00:00,28327.609,28339.432,28327.02,28336.586,68860
2026-07-31T03:21:00+00:00,28336.343,28343.399,28334.197,28340.109,71060
2026-07-31T03:22:00+00:00,28340.497,28343.942,28335.021,28335.531,64460
2026-07-31T03:23:00+00:00,28335.353,28339.897,28324.431,28339.599,71500
2026-07-31T03:24:00+00:00,28338.553,28339.642,28325.487,28334.986,68420
2026-07-31T03:25:00+00:00,28333.931,28338.098,28331.042,28332.698,66220
2026-07-31T03:26:00+00:00,28333.176,28343.521,28332.632,28342.997,66000
2026-07-31T03:27:00+00:00,28342.898,28343.453,28336.853,28338.389,63360
2026-07-31T03:28:00+00:00,28339.364,28348.443,28338.364,28346.664,62700
2026-07-31T03:29:00+00:00,28346.799,28346.799,28333.343,28336.931,64460
2026-07-31T03:30:00+00:00,28337.109,28346.486,28332.975,28343.675,77880
2026-07-31T03:31:00+00:00,28343.376,28350.699,28337.531,28350.699,78320
2026-07-31T03:32:00+00:00,28350.189,28350.189,28340.62,28346.365,76560
2026-07-31T03:33:00+00:00,28346.086,28347.887,28335.432,28337.976,75680
2026-07-31T03:34:00+00:00,28337.686,28338.521,28326.687,28327.165,72820
2026-07-31T03:35:00+00:00,28326.964,28335.865,28325.198,28330.021,71720
2026-07-31T03:36:00+00:00,28330.087,28341.332,28329.587,28335.61,70840
2026-07-31T03:37:00+00:00,28335.699,28337.075,28329.142,28331.289,71280
2026-07-31T03:38:00+00:00,28330.997,28337.553,28327.81,28335.899,70620
2026-07-31T03:39:00+00:00,28336.498,28342.453,28333.942,28337.331,69520
2026-07-31T03:40:00+00:00,28338.608,28341.11,28328.043,28336.964,75020
2026-07-31T03:41:00+00:00,28337.342,28337.421,28326.454,28331.02,72600
2026-07-31T03:42:00+00:00,28331.398,28336.986,28328.621,28334.821,74140
2026-07-31T03:43:00+00:00,28334.821,28337.289,28330.121,28333.854,68420
2026-07-31T03:44:00+00:00,28333.021,28335.964,28329.531,28335.021,67980
2026-07-31T03:45:00+00:00,28333.442,28338.554,28328.62,28331.065,72160
2026-07-31T03:46:00+00:00,28331.565,28332.353,28317.932,28320.92,72380
2026-07-31T03:47:00+00:00,28321.353,28322.697,28308.831,28310.719,71720
2026-07-31T03:48:00+00:00,28310.419,28317.821,28304.098,28317.076,75020
2026-07-31T03:49:00+00:00,28317.654,28320.719,28300.687,28304.02,75020
2026-07-31T03:50:00+00:00,28304.189,28316.965,28302.131,28311.643,76560
2026-07-31T03:51:00+00:00,28311.042,28321.62,28307.342,28313.042,75240
2026-07-31T03:52:00+00:00,28312.597,28323.397,28310.898,28323.397,73480
2026-07-31T03:53:00+00:00,28323.165,28336.954,28321.898,28336.654,70840
2026-07-31T03:54:00+00:00,28336.942,28341.199,28335.653,28336.965,62480
2026-07-31T03:55:00+00:00,28337.197,28342.065,28333.375,28333.599,73920
2026-07-31T03:56:00+00:00,28333.676,28342.899,28333.108,28338.42,63580
2026-07-31T03:57:00+00:00,28338.576,28343.119,28337.021,28337.689,65780
2026-07-31T03:58:00+00:00,28337.709,28340.942,28333.91,28334.299,60720
2026-07-31T03:59:00+00:00,28333.943,28336.186,28329.354,28331.019,67320
2026-07-31T04:00:00+00:00,28330.919,28332.465,28297.01,28300.82,75900
2026-07-31T04:01:00+00:00,28300.909,28307.121,28295.676,28302.997,70400
2026-07-31T04:02:00+00:00,28303.021,28309.953,28300.821,28306.699,69520
2026-07-31T04:03:00+00:00,28307.198,28324.953,28306.208,28318.608,68420
2026-07-31T04:04:00+00:00,28318.687,28319.021,28310.364,28314.909,71500
2026-07-31T04:05:00+00:00,28314.943,28325.189,28312.632,28318.465,68420
2026-07-31T04:06:00+00:00,28317.842,28324.389,28311.153,28322.82,70620
2026-07-31T04:07:00+00:00,28323.299,28329.375,28316.986,28329.087,69300
2026-07-31T04:08:00+00:00,28329.143,28335.665,28329.098,28330.886,69080
2026-07-31T04:09:00+00:00,28330.91,28337.076,28329.631,28335.098,65340
2026-07-31T04:10:00+00:00,28335.099,28336.497,28330.331,28334.008,70180
2026-07-31T04:11:00+00:00,28334.199,28334.919,28325.597,28326.432,67100
2026-07-31T04:12:00+00:00,28326.821,28338.889,28324.954,28334.498,70620
2026-07-31T04:13:00+00:00,28335.086,28337.109,28327.698,28336.831,67320
2026-07-31T04:14:00+00:00,28336.943,28339.587,28333.442,28335.32,60500
2026-07-31T04:15:00+00:00,28335.064,28336.408,28324.62,28329.389,69520
2026-07-31T04:16:00+00:00,28329.354,28345.109,28328.31,28345.109,65780
2026-07-31T04:17:00+00:00,28344.375,28344.708,28338.431,28342.586,69080
2026-07-31T04:18:00+00:00,28342.699,28358.008,28342.597,28356.021,61160
2026-07-31T04:19:00+00:00,28356.409,28367.619,28355.587,28365.864,57860
2026-07-31T04:20:00+00:00,28365.664,28370.508,28361.843,28370.142,60940
2026-07-31T04:21:00+00:00,28370.599,28370.599,28358.621,28362.419,61820
2026-07-31T04:22:00+00:00,28362.154,28366.686,28357.52,28361.086,59180
2026-07-31T04:23:00+00:00,28360.987,28366.486,28359.531,28365.387,63360
2026-07-31T04:24:00+00:00,28365.643,28373.097,28361.943,28373.097,63580
2026-07-31T04:25:00+00:00,28372.51,28374.476,28365.198,28373.397,60940
2026-07-31T04:26:00+00:00,28373.608,28375.209,28368.121,28369.587,63360
2026-07-31T04:27:00+00:00,28369.889,28377.697,28368.799,28371.843,61600
2026-07-31T04:28:00+00:00,28372.119,28383.875,28371.521,28378.821,59400
2026-07-31T04:29:00+00:00,28378.953,28384.199,28377.486,28383.443,62040
2026-07-31T04:30:00+00:00,28383.889,28386.421,28383.389,28384.108,62480
2026-07-31T04:31:00+00:00,28383.921,28386.998,28380.31,28381.131,61380
2026-07-31T04:32:00+00:00,28381.465,28395.331,28381.075,28393.109,65340
2026-07-31T04:33:00+00:00,28393.121,28405.599,28393.097,28399.109,64020
2026-07-31T04:34:00+00:00,28398.51,28406.919,28398.343,28404.453,57860
2026-07-31T04:35:00+00:00,28404.987,28406.076,28399.332,28406.076,60060
2026-07-31T04:36:00+00:00,28406.389,28409.399,28403.789,28404.699,60720
2026-07-31T04:37:00+00:00,28404.397,28404.397,28393.143,28398.986,60720
2026-07-31T04:38:00+00:00,28399.143,28403.92,28397.353,28402.143,58080
2026-07-31T04:39:00+00:00,28402.689,28414.854,28402.199,28413.943,63360
2026-07-31T04:40:00+00:00,28414.097,28417.387,28413.598,28414.709,53900
2026-07-31T04:41:00+00:00,28414.354,28414.354,28409.953,28411.708,47960
2026-07-31T04:42:00+00:00,28411.919,28418.009,28409.975,28418.009,46200
2026-07-31T04:43:00+00:00,28417.854,28421.099,28413.908,28417.032,54120
2026-07-31T04:44:00+00:00,28417.132,28425.289,28417.132,28423.321,41800
2026-07-31T04:45:00+00:00,28423.131,28429.042,28423.131,28426.32,56980
2026-07-31T04:46:00+00:00,28425.676,28427.653,28423.331,28425.032,54120
2026-07-31T04:47:00+00:00,28424.843,28427.186,28420.643,28421.987,54560
2026-07-31T04:48:00+00:00,28421.943,28422.876,28417.665,28419.409,55440
2026-07-31T04:49:00+00:00,28419.498,28422.108,28418.197,28419.799,50160
2026-07-31T04:50:00+00:00,28419.443,28420.931,28411.009,28419.689,52140
2026-07-31T04:51:00+00:00,28419.121,28419.876,28411.821,28412.086,49500
2026-07-31T04:52:00+00:00,28412.421,28413.365,28408.31,28411.486,55660
2026-07-31T04:53:00+00:00,28411.32,28423.508,28408.621,28422.408,53020
2026-07-31T04:54:00+00:00,28422.61,28424.664,28415.542,28420.654,58300
2026-07-31T04:55:00+00:00,28420.953,28426.189,28418.209,28423.843,52800
2026-07-31T04:56:00+00:00,28423.953,28424.075,28419.876,28422.954,53020
2026-07-31T04:57:00+00:00,28422.431,28426.289,28420.075,28422.398,57200
2026-07-31T04:58:00+00:00,28422.108,28426.699,28421.965,28424.389,49720
2026-07-31T04:59:00+00:00,28424.464,28425.189,28421.175,28422.197,52360
2026-07-31T05:00:00+00:00,28421.931,28429.687,28419.399,28420.054,66220
2026-07-31T05:01:00+00:00,28419.854,28424.186,28417.832,28421.632,54340
2026-07-31T05:02:00+00:00,28421.576,28421.932,28416.91,28417.289,55660
2026-07-31T05:03:00+00:00,28417.208,28422.089,28416.521,28420.409,54120
2026-07-31T05:04:00+00:00,28420.41,28422.064,28417.52,28419.398,52580
2026-07-31T05:05:00+00:00,28419.053,28420.219,28411.387,28417.454,62920
2026-07-31T05:06:00+00:00,28417.631,28425.389,28416.398,28424.976,56540
2026-07-31T05:07:00+00:00,28425.175,28433.389,28424.653,28432.142,51260
2026-07-31T05:08:00+00:00,28432.098,28437.199,28431.82,28432.589,55660
2026-07-31T05:09:00+00:00,28432.609,28437.054,28431.32,28436.332,44440
2026-07-31T05:10:00+00:00,28436.031,28442.331,28430.132,28431.497,57640
2026-07-31T05:11:00+00:00,28431.121,28431.121,28421.419,28422.009,52800
2026-07-31T05:12:00+00:00,28422.197,28424.208,28418.01,28422.886,65120
2026-07-31T05:13:00+00:00,28425.186,28429.487,28421.908,28426.697,64900
2026-07-31T05:14:00+00:00,28426.975,28431.009,28423.576,28430.121,57860
2026-07-31T05:15:00+00:00,28430.343,28434.054,28429.353,28430.642,55440
2026-07-31T05:16:00+00:00,28430.498,28432.189,28427.699,28430.42,51700
2026-07-31T05:17:00+00:00,28430.386,28432.987,28428.075,28429.197,46640
2026-07-31T05:18:00+00:00,28429.799,28430.554,28425.887,28426.719,43560
2026-07-31T05:19:00+00:00,28426.975,28430.176,28424.987,28428.931,47740
2026-07-31T05:20:00+00:00,28429.543,28444.019,28428.697,28440.187,56320
2026-07-31T05:21:00+00:00,28439.943,28440.698,28435.165,28437.799,49060
2026-07-31T05:22:00+00:00,28437.454,28438.197,28434.719,28437.509,43780
2026-07-31T05:23:00+00:00,28437.675,28442.689,28437.61,28440.508,51480
2026-07-31T05:24:00+00:00,28440.676,28441.889,28435.142,28437.697,50160
2026-07-31T05:25:00+00:00,28437.11,28437.599,28432.62,28434.865,56540
2026-07-31T05:26:00+00:00,28434.889,28440.965,28434.31,28440.498,47960
2026-07-31T05:27:00+00:00,28440.81,28443.898,28434.032,28443.719,54560
2026-07-31T05:28:00+00:00,28443.376,28452.899,28442.61,28450.898,55880
2026-07-31T05:29:00+00:00,28450.608,28450.899,28446.075,28446.075,57640
2026-07-31T05:30:00+00:00,28445.586,28452.542,28440.354,28443.898,67540
2026-07-31T05:31:00+00:00,28443.964,28445.81,28436.31,28438.465,68640
2026-07-31T05:32:00+00:00,28437.587,28438.632,28431.621,28434.153,63580
2026-07-31T05:33:00+00:00,28434.475,28435.699,28430.953,28431.453,62040
2026-07-31T05:34:00+00:00,28431.164,28432.289,28416.132,28420.153,68420
2026-07-31T05:35:00+00:00,28419.709,28422.219,28413.553,28419.142,72600
2026-07-31T05:36:00+00:00,28419.008,28423.919,28413.921,28415.342,72600
2026-07-31T05:37:00+00:00,28415.421,28426.364,28415.12,28426.175,68420
2026-07-31T05:38:00+00:00,28426.089,28428.01,28421.365,28421.632,59840
2026-07-31T05:39:00+00:00,28421.597,28433.676,28417.976,28431.52,55440
2026-07-31T05:40:00+00:00,28431.653,28458.121,28431.431,28447.886,64460
2026-07-31T05:41:00+00:00,28447.687,28450.799,28441.676,28450.799,59840
2026-07-31T05:42:00+00:00,28450.421,28451.175,28445.121,28449.954,53240
2026-07-31T05:43:00+00:00,28450.186,28451.199,28438.208,28438.497,53460
2026-07-31T05:44:00+00:00,28438.209,28438.589,28423.91,28423.986,61820
2026-07-31T05:45:00+00:00,28424.143,28437.031,28421.842,28436.709,57640
2026-07-31T05:46:00+00:00,28436.131,28437.021,28427.508,28429.009,51040
2026-07-31T05:47:00+00:00,28429.031,28438.686,28423.676,28438.464,56760
2026-07-31T05:48:00+00:00,28438.353,28446.464,28437.009,28446.464,55660
2026-07-31T05:49:00+00:00,28446.186,28448.82,28445.498,28446.498,50160
2026-07-31T05:50:00+00:00,28446.332,28450.199,28445.954,28449.875,52580
2026-07-31T05:51:00+00:00,28449.986,28454.689,28443.365,28448.699,61600
2026-07-31T05:52:00+00:00,28448.575,28451.61,28445.653,28449.475,58740
2026-07-31T05:53:00+00:00,28448.954,28460.009,28448.954,28457.943,47080
2026-07-31T05:54:00+00:00,28458.209,28462.708,28457.32,28459.532,48400
2026-07-31T05:55:00+00:00,28459.875,28462.365,28441.509,28441.943,63580
2026-07-31T05:56:00+00:00,28442.153,28442.998,28438.142,28441.621,59400
2026-07-31T05:57:00+00:00,28441.965,28453.075,28440.421,28446.92,55660
2026-07-31T05:58:00+00:00,28447.389,28455.799,28444.921,28454.932,58300
2026-07-31T05:59:00+00:00,28454.799,28459.476,28453.32,28458.899,46420
2026-07-31T06:00:00+00:00,28458.375,28466.697,28448.953,28464.82,71940
2026-07-31T06:01:00+00:00,28464.553,28466.998,28460.61,28460.92,60720
2026-07-31T06:02:00+00:00,28460.899,28470.389,28458.209,28465.619,63800
2026-07-31T06:03:00+00:00,28465.61,28466.008,28457.664,28458.599,61160
2026-07-31T06:04:00+00:00,28458.689,28459.199,28453.389,28457.054,60720
2026-07-31T06:05:00+00:00,28457.198,28465.589,28456.131,28464.421,54560
2026-07-31T06:06:00+00:00,28464.608,28465.987,28462.32,28464.331,52580
2026-07-31T06:07:00+00:00,28464.431,28468.043,28462.464,28468.043,57420
2026-07-31T06:08:00+00:00,28467.886,28470.887,28466.375,28468.643,47300
2026-07-31T06:09:00+00:00,28468.476,28472.042,28467.475,28467.475,49280
2026-07-31T06:10:00+00:00,28467.789,28476.686,28467.064,28476.686,51260
2026-07-31T06:11:00+00:00,28477.042,28477.365,28468.197,28474.398,57860
2026-07-31T06:12:00+00:00,28474.487,28479.389,28474.175,28475.876,52140
2026-07-31T06:13:00+00:00,28475.899,28481.51,28475.408,28480.475,47960
2026-07-31T06:14:00+00:00,28480.608,28483.619,28479.375,28479.608,50600
2026-07-31T06:15:00+00:00,28480.089,28483.289,28476.431,28476.619,53680
2026-07-31T06:16:00+00:00,28476.898,28481.599,28473.719,28481.497,51920
2026-07-31T06:17:00+00:00,28481.586,28482.831,28479.465,28482.465,50380
2026-07-31T06:18:00+00:00,28482.532,28482.589,28476.365,28481.01,54120
2026-07-31T06:19:00+00:00,28480.886,28481.631,28476.475,28477.931,40040
2026-07-31T06:20:00+00:00,28477.532,28478.709,28467.619,28467.82,58740
2026-07-31T06:21:00+00:00,28468.299,28468.608,28464.409,28464.864,47300
2026-07-31T06:22:00+00:00,28464.609,28468.708,28462.143,28462.342,46860
2026-07-31T06:23:00+00:00,28462.142,28463.087,28458.399,28460.089,54560
2026-07-31T06:24:00+00:00,28460.289,28462.719,28456.997,28460.942,58300
2026-07-31T06:25:00+00:00,28460.887,28465.431,28459.209,28462.843,55660
2026-07-31T06:26:00+00:00,28463.154,28464.387,28456.576,28459.919,58520
2026-07-31T06:27:00+00:00,28460.199,28461.197,28453.531,28456.199,58080
2026-07-31T06:28:00+00:00,28455.919,28462.432,28455.175,28461.92,55220
2026-07-31T06:29:00+00:00,28461.364,28465.389,28455.919,28462.387,69520
2026-07-31T06:30:00+00:00,28463.009,28465.289,28436.521,28438.365,75680
2026-07-31T06:31:00+00:00,28438.209,28444.719,28434.675,28436.065,71500
2026-07-31T06:32:00+00:00,28436.119,28437.586,28427.689,28427.689,64460
2026-07-31T06:33:00+00:00,28427.909,28428.208,28406.686,28407.209,68640
2026-07-31T06:34:00+00:00,28407.464,28407.464,28393.042,28394.975,70840
2026-07-31T06:35:00+00:00,28395.687,28397.219,28364.887,28366.654,75240
2026-07-31T06:36:00+00:00,28367.219,28373.099,28358.664,28371.564,75020
2026-07-31T06:37:00+00:00,28370.586,28386.154,28362.521,28377.053,72160
2026-07-31T06:38:00+00:00,28377.998,28386.42,28373.386,28374.886,73260
2026-07-31T06:39:00+00:00,28374.521,28381.843,28360.676,28380.386,74580
2026-07-31T06:40:00+00:00,28379.497,28380.186,28360.854,28363.11,58300
2026-07-31T06:41:00+00:00,28362.61,28363.665,28348.197,28349.398,64020
2026-07-31T06:42:00+00:00,28349.597,28356.099,28344.653,28346.097,69080
2026-07-31T06:43:00+00:00,28345.964,28348.997,28330.365,28348.019,72600
2026-07-31T06:44:00+00:00,28348.289,28356.908,28339.098,28356.908,71940
2026-07-31T06:45:00+00:00,28357.409,28357.409,28336.353,28339.219,67100
2026-07-31T06:46:00+00:00,28339.431,28347.821,28331.831,28346.942,70840
2026-07-31T06:47:00+00:00,28347.142,28347.142,28328.386,28329.586,66880
2026-07-31T06:48:00+00:00,28329.521,28339.698,28323.12,28333.51,68860
2026-07-31T06:49:00+00:00,28333.897,28347.531,28331.61,28347.531,62480
2026-07-31T06:50:00+00:00,28349.865,28353.032,28342.164,28349.689,64020
2026-07-31T06:51:00+00:00,28349.465,28351.821,28327.443,28346.343,69960
2026-07-31T06:52:00+00:00,28346.476,28357.931,28342.886,28357.299,60500
2026-07-31T06:53:00+00:00,28356.964,28366.142,28355.719,28364.665,58740
2026-07-31T06:54:00+00:00,28364.543,28374.919,28361.321,28374.021,59180
2026-07-31T06:55:00+00:00,28373.82,28381.865,28372.82,28373.365,57640
2026-07-31T06:56:00+00:00,28373.11,28375.289,28357.52,28364.154,63800
2026-07-31T06:57:00+00:00,28363.942,28364.399,28353.898,28360.886,65560
2026-07-31T06:58:00+00:00,28361.054,28376.342,28357.154,28375.931,63800
2026-07-31T06:59:00+00:00,28376.089,28377.865,28358.675,28358.675,61380
2026-07-31T07:00:00+00:00,28357.398,28357.398,28328.332,28338.987,83380
2026-07-31T07:01:00+00:00,28338.564,28355.908,28334.487,28348.686,77440
2026-07-31T07:02:00+00:00,28348.886,28351.398,28338.01,28346.587,78760
2026-07-31T07:03:00+00:00,28346.509,28350.599,28332.11,28339.898,74580
2026-07-31T07:04:00+00:00,28338.542,28352.876,28337.075,28352.876,73260
2026-07-31T07:05:00+00:00,28352.389,28362.864,28351.443,28358.299,73480
2026-07-31T07:06:00+00:00,28358.175,28361.921,28354.02,28359.876,71060
2026-07-31T07:07:00+00:00,28359.899,28374.321,28354.875,28372.842,73700
2026-07-31T07:08:00+00:00,28373.097,28379.42,28367.854,28373.899,70840
2026-07-31T07:09:00+00:00,28374.076,28384.665,28372.954,28383.586,66440
2026-07-31T07:10:00+00:00,28384.119,28396.708,28382.519,28385.81,70840
2026-07-31T07:11:00+00:00,28386.208,28396.208,28385.497,28391.119,70400
2026-07-31T07:12:00+00:00,28390.931,28405.208,28384.41,28404.519,72380
2026-07-31T07:13:00+00:00,28404.676,28415.609,28404.175,28412.376,73480
2026-07-31T07:14:00+00:00,28412.464,28413.199,28403.01,28408.132,70400
2026-07-31T07:15:00+00:00,28408.419,28412.119,28390.897,28393.864,69960
2026-07-31T07:16:00+00:00,28394.009,28397.942,28388.353,28390.41,69740
2026-07-31T07:17:00+00:00,28390.531,28395.089,28379.519,28395.089,67760
2026-07-31T07:18:00+00:00,28394.619,28405.108,28392.409,28398.698,65780
2026-07-31T07:19:00+00:00,28399.41,28422.219,28397.053,28421.621,70620
2026-07-31T07:20:00+00:00,28421.932,28423.199,28411.443,28412.476,66880
2026-07-31T07:21:00+00:00,28412.219,28412.689,28401.11,28411.421,69300
2026-07-31T07:22:00+00:00,28411.186,28412.589,28391.365,28392.831,70400
2026-07-31T07:23:00+00:00,28392.708,28403.187,28392.075,28392.164,66220
2026-07-31T07:24:00+00:00,28392.609,28409.686,28390.554,28408.519,68420
2026-07-31T07:25:00+00:00,28408.964,28420.299,28408.11,28417.419,66880
2026-07-31T07:26:00+00:00,28417.432,28422.81,28413.431,28418.11,72820
2026-07-31T07:27:00+00:00,28417.986,28446.42,28417.986,28440.131,68640
2026-07-31T07:28:00+00:00,28440.61,28442.089,28423.321,28432.064,62700
2026-07-31T07:29:00+00:00,28431.998,28432.398,28419.208,28419.208,64900
2026-07-31T07:30:00+00:00,28419.321,28423.431,28408.987,28417.586,68200
2026-07-31T07:31:00+00:00,28417.043,28427.099,28413.11,28420.421,64900
2026-07-31T07:32:00+00:00,28420.598,28424.097,28411.11,28415.399,66880
2026-07-31T07:33:00+00:00,28415.599,28421.832,28409.12,28411.464,64680
2026-07-31T07:34:00+00:00,28411.599,28417.598,28407.897,28413.509,69960
2026-07-31T07:35:00+00:00,28412.619,28432.199,28412.619,28429.475,67540
2026-07-31T07:36:00+00:00,28429.419,28436.099,28418.543,28423.953,67760
2026-07-31T07:37:00+00:00,28424.198,28427.908,28415.831,28426.719,67760
2026-07-31T07:38:00+00:00,28427.086,28442.397,28427.086,28441.51,68420
2026-07-31T07:39:00+00:00,28441.697,28442.01,28429.132,28429.387,63580
2026-07-31T07:40:00+00:00,28429.397,28437.589,28426.164,28437.343,67100
2026-07-31T07:41:00+00:00,28437.353,28445.565,28434.886,28436.164,66440
2026-07-31T07:42:00+00:00,28436.986,28440.099,28434.431,28436.454,62700
2026-07-31T07:43:00+00:00,28438.199,28446.431,28436.186,28436.81,63580
2026-07-31T07:44:00+00:00,28436.897,28443.387,28436.464,28438.889,57200
2026-07-31T07:45:00+00:00,28439.087,28455.075,28439.087,28452.121,58300
2026-07-31T07:46:00+00:00,28454.199,28456.299,28446.043,28448.898,65780
2026-07-31T07:47:00+00:00,28449.165,28451.719,28436.932,28440.521,67320
2026-07-31T07:48:00+00:00,28440.831,28441.075,28430.854,28431.654,68640
2026-07-31T07:49:00+00:00,28432.598,28437.689,28427.564,28427.564,66000
2026-07-31T07:50:00+00:00,28428.043,28433.087,28417.976,28418.565,64460
2026-07-31T07:51:00+00:00,28419.219,28421.464,28415.51,28421.008,63360
2026-07-31T07:52:00+00:00,28420.564,28446.376,28416.053,28440.019,55220
2026-07-31T07:53:00+00:00,28439.642,28448.476,28439.475,28448.476,53240
2026-07-31T07:54:00+00:00,28449.119,28454.197,28448.143,28452.064,57200
2026-07-31T07:55:00+00:00,28451.975,28451.986,28444.186,28449.52,54780
2026-07-31T07:56:00+00:00,28450.076,28451.376,28438.909,28439.219,60280
2026-07-31T07:57:00+00:00,28438.509,28447.021,28437.164,28440.609,57420
2026-07-31T07:58:00+00:00,28440.831,28445.898,28436.41,28445.11,64020
2026-07-31T07:59:00+00:00,28445.464,28448.187,28439.654,28446.332,59180
2026-07-31T08:00:00+00:00,28446.289,28463.053,28440.064,28457.132,75680
2026-07-31T08:01:00+00:00,28456.42,28458.019,28431.11,28433.943,79640
2026-07-31T08:02:00+00:00,28434.876,28434.876,28424.62,28431.065,73700
2026-07-31T08:03:00+00:00,28430.354,28435.399,28412.008,28412.82,76560
2026-07-31T08:04:00+00:00,28412.531,28420.132,28405.619,28411.386,74360
2026-07-31T08:05:00+00:00,28411.364,28426.32,28408.589,28421.289,78980
2026-07-31T08:06:00+00:00,28421.164,28427.031,28416.387,28424.654,77880
2026-07-31T08:07:00+00:00,28425.043,28445.799,28416.843,28441.609,74140
2026-07-31T08:08:00+00:00,28441.109,28442.119,28408.408,28411.109,72820
2026-07-31T08:09:00+00:00,28411.009,28413.386,28402.321,28406.887,74800
2026-07-31T08:10:00+00:00,28406.497,28414.199,28396.954,28405.897,76780
2026-07-31T08:11:00+00:00,28404.465,28423.609,28404.209,28422.409,76340
2026-07-31T08:12:00+00:00,28421.519,28436.089,28417.653,28434.131,78100
2026-07-31T08:13:00+00:00,28433.997,28447.487,28432.076,28445.087,75240
2026-07-31T08:14:00+00:00,28445.031,28450.919,28441.02,28450.132,67980
2026-07-31T08:15:00+00:00,28450.565,28460.199,28447.81,28450.299,74580
2026-07-31T08:16:00+00:00,28450.397,28451.419,28441.486,28445.075,69520
2026-07-31T08:17:00+00:00,28445.197,28453.699,28444.219,28452.389,66440
2026-07-31T08:18:00+00:00,28452.399,28455.843,28442.908,28447.821,70840
2026-07-31T08:19:00+00:00,28448.453,28469.419,28444.543,28466.375,69740
2026-07-31T08:20:00+00:00,28466.442,28468.943,28456.019,28461.008,68860
2026-07-31T08:21:00+00:00,28460.887,28465.321,28450.632,28460.021,69960
2026-07-31T08:22:00+00:00,28460.199,28461.587,28448.497,28449.586,71720
2026-07-31T08:23:00+00:00,28449.665,28452.332,28437.631,28440.475,73480
2026-07-31T08:24:00+00:00,28440.099,28450.554,28438.554,28449.521,68640
2026-07-31T08:25:00+00:00,28450.289,28465.599,28446.175,28465.099,69300
2026-07-31T08:26:00+00:00,28464.521,28465.053,28452.675,28454.821,69520
2026-07-31T08:27:00+00:00,28455.364,28474.719,28454.876,28472.42,71060
2026-07-31T08:28:00+00:00,28473.332,28475.486,28469.464,28474.099,67540
2026-07-31T08:29:00+00:00,28473.931,28480.097,28469.087,28470.965,71940
2026-07-31T08:30:00+00:00,28470.643,28476.687,28460.953,28474.865,70400
2026-07-31T08:31:00+00:00,28474.897,28476.208,28467.321,28474.487,71720
2026-07-31T08:32:00+00:00,28474.589,28483.076,28469.208,28469.208,69520
2026-07-31T08:33:00+00:00,28468.864,28472.098,28463.021,28468.886,57860
2026-07-31T08:34:00+00:00,28468.175,28473.886,28463.175,28470.087,59840
2026-07-31T08:35:00+00:00,28470.053,28470.709,28461.342,28463.076,63580
2026-07-31T08:36:00+00:00,28463.209,28464.389,28458.997,28462.065,64460
2026-07-31T08:37:00+00:00,28461.554,28464.976,28453.476,28463.01,62920
2026-07-31T08:38:00+00:00,28463.586,28465.443,28454.054,28457.153,61820
2026-07-31T08:39:00+00:00,28457.099,28459.008,28449.119,28449.364,61600
2026-07-31T08:40:00+00:00,28449.443,28449.953,28438.42,28438.899,66220
2026-07-31T08:41:00+00:00,28438.598,28445.387,28434.186,28439.119,68200
2026-07-31T08:42:00+00:00,28439.508,28445.843,28439.075,28444.876,61600
2026-07-31T08:43:00+00:00,28444.987,28450.599,28441.12,28445.554,66880
2026-07-31T08:44:00+00:00,28445.354,28451.632,28436.009,28440.508,64900
2026-07-31T08:45:00+00:00,28440.653,28446.389,28435.898,28445.954,65340
2026-07-31T08:46:00+00:00,28446.209,28458.164,28444.654,28457.521,66880
2026-07-31T08:47:00+00:00,28457.632,28471.189,28454.632,28470.875,68420
2026-07-31T08:48:00+00:00,28470.686,28473.443,28468.865,28469.032,60500
2026-07-31T08:49:00+00:00,28468.531,28472.898,28465.409,28466.175,60280
2026-07-31T08:50:00+00:00,28466.065,28475.289,28461.531,28467.589,62040
2026-07-31T08:51:00+00:00,28467.509,28472.976,28465.12,28466.408,60720
2026-07-31T08:52:00+00:00,28466.131,28471.219,28458.031,28458.854,62260
2026-07-31T08:53:00+00:00,28458.41,28467.665,28458.11,28465.289,64900
2026-07-31T08:54:00+00:00,28465.02,28465.521,28454.565,28455.709,60280
2026-07-31T08:55:00+00:00,28455.42,28470.687,28454.409,28469.509,64020
2026-07-31T08:56:00+00:00,28469.019,28479.175,28461.653,28475.842,73480
2026-07-31T08:57:00+00:00,28475.864,28478.699,28473.031,28476.142,65340
2026-07-31T08:58:00+00:00,28476.421,28476.442,28469.01,28475.897,63580
2026-07-31T08:59:00+00:00,28476.153,28479.519,28473.365,28475.354,58080
2026-07-31T09:00:00+00:00,28475.399,28492.409,28470.643,28489.153,78760
2026-07-31T09:01:00+00:00,28489.143,28489.32,28476.821,28483.019,73700
2026-07-31T09:02:00+00:00,28482.91,28492.189,28482.509,28484.921,67980
2026-07-31T09:03:00+00:00,28485.053,28486.52,28474.042,28482.686,74140
2026-07-31T09:04:00+00:00,28483.364,28491.92,28483.008,28490.187,63580
2026-07-31T09:05:00+00:00,28489.42,28492.099,28471.832,28480.619,74140
2026-07-31T09:06:00+00:00,28481.01,28496.497,28475.399,28496.331,71060
2026-07-31T09:07:00+00:00,28496.789,28498.054,28491.853,28496.199,66220
2026-07-31T09:08:00+00:00,28496.01,28499.209,28492.11,28492.131,55220
2026-07-31T09:09:00+00:00,28491.998,28498.299,28488.575,28497.142,63360
2026-07-31T09:10:00+00:00,28497.086,28512.987,28495.486,28511.065,64680
2026-07-31T09:11:00+00:00,28511.12,28511.986,28506.41,28509.153,64460
2026-07-31T09:12:00+00:00,28508.954,28510.676,28504.376,28506.575,64680
2026-07-31T09:13:00+00:00,28506.198,28507.186,28500.832,28501.008,61600
2026-07-31T09:14:00+00:00,28501.519,28504.019,28497.087,28501.176,61820
2026-07-31T09:15:00+00:00,28501.131,28503.789,28496.109,28501.042,51700
2026-07-31T09:16:00+00:00,28501.353,28502.099,28486.099,28487.389,63360
2026-07-31T09:17:00+00:00,28487.375,28492.465,28484.62,28491.353,61380
2026-07-31T09:18:00+00:00,28492.209,28497.009,28488.532,28495.519,62040
2026-07-31T09:19:00+00:00,28495.11,28499.831,28482.498,28482.92,60060
2026-07-31T09:20:00+00:00,28482.909,28493.875,28482.642,28492.699,58960
2026-07-31T09:21:00+00:00,28492.509,28492.831,28480.12,28486.486,62920
2026-07-31T09:22:00+00:00,28486.432,28487.199,28479.42,28481.198,61600
2026-07-31T09:23:00+00:00,28481.789,28481.789,28473.932,28480.121,56760
2026-07-31T09:24:00+00:00,28480.32,28483.619,28476.087,28480.843,59620
2026-07-31T09:25:00+00:00,28480.908,28484.121,28473.598,28484.108,57640
2026-07-31T09:26:00+00:00,28484.332,28486.219,28484.332,28485.619,8360
2026-07-31T09:27:00+00:00,28482.387,28484.909,28478.064,28479.109,27720
2026-07-31T09:28:00+00:00,28479.898,28480.364,28460.131,28460.789,68860
2026-07-31T09:29:00+00:00,28460.621,28464.186,28457.419,28461.875,56980
2026-07-31T09:30:00+00:00,28457.932,28463.832,28454.686,28455.987,71280
2026-07-31T09:31:00+00:00,28455.821,28460.889,28450.987,28458.098,66000
2026-07-31T09:32:00+00:00,28458.131,28460.589,28450.486,28453.409,63800
2026-07-31T09:33:00+00:00,28453.821,28453.821,28441.11,28448.186,58740
2026-07-31T09:34:00+00:00,28448.586,28449.498,28435.61,28437.197,61380
2026-07-31T09:35:00+00:00,28437.454,28441.899,28433.52,28435.109,60500
2026-07-31T09:36:00+00:00,28434.643,28435.497,28420.542,28424.92,63800
2026-07-31T09:37:00+00:00,28424.82,28428.187,28419.621,28427.354,63800
2026-07-31T09:38:00+00:00,28427.421,28429.708,28409.376,28410.32,69080
2026-07-31T09:39:00+00:00,28408.61,28419.354,28406.42,28418.089,60500
2026-07-31T09:40:00+00:00,28418.008,28423.832,28414.431,28422.554,63580
2026-07-31T09:41:00+00:00,28422.642,28428.208,28419.086,28426.121,66440
2026-07-31T09:42:00+00:00,28426.431,28432.109,28421.432,28429.219,68860
2026-07-31T09:43:00+00:00,28429.354,28430.521,28424.821,28429.01,57420
2026-07-31T09:44:00+00:00,28429.153,28431.642,28422.064,28425.41,54120
2026-07-31T09:45:00+00:00,28425.61,28438.431,28424.42,28434.042,63140
2026-07-31T09:46:00+00:00,28433.586,28435.464,28428.42,28430.921,62260
2026-07-31T09:47:00+00:00,28430.676,28431.509,28426.509,28429.208,56980
2026-07-31T09:48:00+00:00,28429.409,28435.876,28427.009,28428.886,53460
2026-07-31T09:49:00+00:00,28428.675,28439.165,28423.986,28437.087,65780
2026-07-31T09:50:00+00:00,28437.431,28441.908,28434.11,28437.331,62260
2026-07-31T09:51:00+00:00,28438.189,28440.889,28418.409,28424.689,67320
2026-07-31T09:52:00+00:00,28424.789,28430.619,28423.687,28428.632,51920
2026-07-31T09:53:00+00:00,28428.954,28430.199,28420.642,28424.42,58080
2026-07-31T09:54:00+00:00,28424.61,28430.486,28419.142,28420.41,65340
2026-07-31T09:55:00+00:00,28419.853,28429.131,28419.453,28425.642,64460
2026-07-31T09:56:00+00:00,28426.01,28427.008,28406.053,28411.475,67760
2026-07-31T09:57:00+00:00,28411.376,28411.953,28403.543,28406.564,60720
2026-07-31T09:58:00+00:00,28406.443,28409.943,28403.321,28408.698,62260
2026-07-31T09:59:00+00:00,28408.954,28410.165,28402.653,28404.199,58300
2026-07-31T10:00:00+00:00,28403.61,28405.698,28392.62,28395.465,67760
2026-07-31T10:01:00+00:00,28396.01,28413.709,28393.632,28413.609,70400
2026-07-31T10:02:00+00:00,28413.82,28419.143,28398.086,28404.621,66660
2026-07-31T10:03:00+00:00,28405.099,28411.289,28404.431,28407.064,57640
2026-07-31T10:04:00+00:00,28408.332,28411.289,28399.643,28403.654,55220
2026-07-31T10:05:00+00:00,28403.543,28405.365,28398.664,28400.508,58520
2026-07-31T10:06:00+00:00,28399.92,28405.697,28393.108,28405.299,62920
2026-07-31T10:07:00+00:00,28406.008,28414.589,28397.953,28414.589,61600
2026-07-31T10:08:00+00:00,28414.954,28416.353,28404.821,28405.997,63580
2026-07-31T10:09:00+00:00,28405.909,28412.099,28404.832,28411.564,59840
2026-07-31T10:10:00+00:00,28411.675,28416.689,28404.043,28415.599,64460
2026-07-31T10:11:00+00:00,28415.132,28416.919,28409.698,28411.419,54780
2026-07-31T10:12:00+00:00,28411.465,28425.987,28410.619,28425.586,56980
2026-07-31T10:13:00+00:00,28426.321,28430.889,28425.321,28430.208,56760
2026-07-31T10:14:00+00:00,28430.189,28437.431,28427.931,28428.143,55220
2026-07-31T10:15:00+00:00,28428.042,28428.953,28422.132,28425.364,58300
2026-07-31T10:16:00+00:00,28424.975,28428.108,28418.942,28427.009,60500
2026-07-31T10:17:00+00:00,28426.719,28429.975,28422.82,28429.632,48620
2026-07-31T10:18:00+00:00,28429.921,28432.599,28425.665,28431.954,53900
2026-07-31T10:19:00+00:00,28431.598,28438.832,28429.708,28438.42,54780
2026-07-31T10:20:00+00:00,28438.542,28446.589,28438.542,28444.02,59180
2026-07-31T10:21:00+00:00,28443.853,28447.099,28443.521,28447.099,52140
2026-07-31T10:22:00+00:00,28446.986,28447.689,28443.086,28444.965,44000
2026-07-31T10:23:00+00:00,28444.654,28447.498,28442.62,28444.421,49280
2026-07-31T10:24:00+00:00,28444.464,28444.699,28427.464,28428.932,60500
2026-07-31T10:25:00+00:00,28429.01,28444.197,28428.843,28442.599,55880
2026-07-31T10:26:00+00:00,28442.154,28442.421,28434.476,28435.92,48840
2026-07-31T10:27:00+00:00,28436.01,28439.589,28434.954,28437.831,53240
2026-07-31T10:28:00+00:00,28437.587,28451.689,28436.664,28447.289,54560
2026-07-31T10:29:00+00:00,28446.987,28447.443,28438.997,28445.376,46420
2026-07-31T10:30:00+00:00,28444.997,28449.019,28440.532,28444.397,53680
2026-07-31T10:31:00+00:00,28444.586,28448.986,28438.142,28438.921,56760
2026-07-31T10:32:00+00:00,28439.475,28448.919,28437.564,28440.854,56760
2026-07-31T10:33:00+00:00,28441.054,28445.699,28436.965,28440.52,60280
2026-07-31T10:34:00+00:00,28440.576,28449.709,28436.632,28440.931,57420
2026-07-31T10:35:00+00:00,28439.454,28443.553,28434.997,28437.92,54560
2026-07-31T10:36:00+00:00,28437.631,28449.008,28437.086,28448.019,57420
2026-07-31T10:37:00+00:00,28447.821,28448.832,28439.321,28441.108,57640
2026-07-31T10:38:00+00:00,28441.854,28442.976,28434.619,28440.865,58960
2026-07-31T10:39:00+00:00,28440.51,28448.899,28439.708,28448.453,55880
2026-07-31T10:40:00+00:00,28448.664,28450.389,28443.01,28449.108,60720
2026-07-31T10:41:00+00:00,28449.11,28454.664,28445.61,28454.398,52360
2026-07-31T10:42:00+00:00,28453.953,28455.199,28449.409,28451.553,54120
2026-07-31T10:43:00+00:00,28451.476,28454.354,28447.064,28451.299,53240
2026-07-31T10:44:00+00:00,28451.008,28455.165,28447.432,28450.875,49940
2026-07-31T10:45:00+00:00,28451.299,28462.632,28451.299,28454.386,57640
2026-07-31T10:46:00+00:00,28454.399,28456.032,28446.408,28449.564,47960
2026-07-31T10:47:00+00:00,28449.119,28451.52,28442.175,28442.197,50820
2026-07-31T10:48:00+00:00,28442.065,28443.008,28436.598,28440.519,56540
2026-07-31T10:49:00+00:00,28439.898,28440.409,28424.854,28428.487,61600
2026-07-31T10:50:00+00:00,28428.62,28441.398,28426.465,28438.842,58960
2026-07-31T10:51:00+00:00,28438.665,28441.521,28434.131,28439.289,53900
2026-07-31T10:52:00+00:00,28439.12,28446.397,28437.197,28438.432,58520
2026-07-31T10:53:00+00:00,28438.543,28445.919,28436.565,28439.398,60940
2026-07-31T10:54:00+00:00,28438.854,28453.299,28438.854,28452.343,53460
2026-07-31T10:55:00+00:00,28452.454,28456.976,28441.62,28443.076,56980
2026-07-31T10:56:00+00:00,28443.143,28449.143,28439.876,28444.408,55440
2026-07-31T10:57:00+00:00,28444.442,28446.009,28438.51,28439.019,58080
2026-07-31T10:58:00+00:00,28438.642,28444.01,28436.342,28440.086,58960
2026-07-31T10:59:00+00:00,28440.142,28441.419,28429.476,28437.389,66660
2026-07-31T11:00:00+00:00,28437.919,28456.632,28435.589,28451.82,78320
2026-07-31T11:01:00+00:00,28452.165,28476.943,28448.042,28473.965,75460
2026-07-31T11:02:00+00:00,28474.043,28477.043,28465.686,28475.464,71060
2026-07-31T11:03:00+00:00,28475.598,28489.997,28469.531,28486.486,69740
2026-07-31T11:04:00+00:00,28486.631,28487.853,28474.476,28487.789,62040
2026-07-31T11:05:00+00:00,28486.976,28490.589,28482.032,28484.209,70840
2026-07-31T11:06:00+00:00,28483.976,28489.421,28480.498,28487.321,67100
2026-07-31T11:07:00+00:00,28487.899,28497.132,28486.31,28497.132,64680
2026-07-31T11:08:00+00:00,28496.832,28498.054,28483.587,28486.897,63360
2026-07-31T11:09:00+00:00,28487.189,28492.089,28479.354,28484.942,69080
2026-07-31T11:10:00+00:00,28485.032,28486.099,28474.453,28477.387,65780
2026-07-31T11:11:00+00:00,28477.897,28478.799,28470.608,28471.075,66000
2026-07-31T11:12:00+00:00,28471.11,28474.299,28468.876,28472.398,63800
2026-07-31T11:13:00+00:00,28472.531,28474.364,28462.532,28471.531,65340
2026-07-31T11:14:00+00:00,28471.943,28473.897,28466.097,28468.52,65780
2026-07-31T11:15:00+00:00,28468.132,28472.01,28446.109,28446.197,66000
2026-07-31T11:16:00+00:00,28445.209,28449.109,28431.31,28439.609,84040
2026-07-31T11:17:00+00:00,28439.342,28441.921,28434.997,28438.675,78100
2026-07-31T11:18:00+00:00,28439.108,28441.019,28427.176,28434.554,73480
2026-07-31T11:19:00+00:00,28435.02,28437.708,28429.632,28434.943,70840
2026-07-31T11:20:00+00:00,28434.81,28440.389,28428.164,28431.186,69520
2026-07-31T11:21:00+00:00,28431.487,28434.486,28428.219,28433.92,67760
2026-07-31T11:22:00+00:00,28433.175,28439.664,28426.11,28438.119,68420
2026-07-31T11:23:00+00:00,28437.886,28443.431,28433.532,28439.52,68420
2026-07-31T11:24:00+00:00,28440.12,28443.454,28435.621,28439.942,62260
2026-07-31T11:25:00+00:00,28439.631,28443.987,28429.354,28430.519,68420
2026-07-31T11:26:00+00:00,28430.889,28444.509,28429.799,28441.943,69300
2026-07-31T11:27:00+00:00,28442.454,28451.975,28436.954,28451.975,64240
2026-07-31T11:28:00+00:00,28452.364,28456.142,28444.097,28444.097,68640
2026-07-31T11:29:00+00:00,28442.643,28447.009,28421.908,28427.443,73920
2026-07-31T11:30:00+00:00,28427.343,28428.119,28411.81,28414.598,69300
2026-07-31T11:31:00+00:00,28413.676,28420.854,28409.597,28414.486,69740
2026-07-31T11:32:00+00:00,28414.165,28418.076,28405.61,28415.11,70620
2026-07-31T11:33:00+00:00,28414.198,28414.51,28398.01,28411.897,73920
2026-07-31T11:34:00+00:00,28412.289,28417.009,28406.598,28408.208,71940
2026-07-31T11:35:00+00:00,28408.621,28432.197,28408.553,28431.965,68420
2026-07-31T11:36:00+00:00,28432.076,28432.899,28413.676,28413.676,72600
2026-07-31T11:37:00+00:00,28413.42,28414.065,28402.621,28408.331,69300
2026-07-31T11:38:00+00:00,28408.098,28411.189,28405.132,28409.676,60720
2026-07-31T11:39:00+00:00,28409.575,28410.331,28398.354,28403.331,68420
2026-07-31T11:40:00+00:00,28402.575,28409.51,28395.364,28405.665,70180
2026-07-31T11:41:00+00:00,28405.899,28410.921,28400.542,28409.909,70180
2026-07-31T11:42:00+00:00,28409.931,28415.987,28407.842,28414.509,68420
2026-07-31T11:43:00+00:00,28414.31,28415.419,28398.542,28411.565,72380
2026-07-31T11:44:00+00:00,28411.031,28411.889,28404.32,28409.91,69740
2026-07-31T11:45:00+00:00,28411.399,28417.61,28404.821,28415.543,69520
2026-07-31T11:46:00+00:00,28415.943,28416.687,28405.898,28411.009,73040
2026-07-31T11:47:00+00:00,28410.889,28412.097,28405.953,28409.199,70840
2026-07-31T11:48:00+00:00,28409.342,28419.789,28404.931,28419.789,72380
2026-07-31T11:49:00+00:00,28419.208,28421.343,28415.019,28418.143,67100
2026-07-31T11:50:00+00:00,28418.453,28427.987,28417.143,28427.41,65560
2026-07-31T11:51:00+00:00,28427.521,28429.865,28420.389,28423.176,64680
2026-07-31T11:52:00+00:00,28423.132,28429.108,28422.12,28426.398,56320
2026-07-31T11:53:00+00:00,28426.465,28431.186,28421.321,28430.81,61820
2026-07-31T11:54:00+00:00,28430.998,28432.998,28425.621,28425.931,58520
2026-07-31T11:55:00+00:00,28425.964,28427.32,28419.542,28420.053,62040
2026-07-31T11:56:00+00:00,28420.132,28424.419,28417.965,28423.432,60500
2026-07-31T11:57:00+00:00,28423.197,28425.921,28418.142,28425.198,60280
2026-07-31T11:58:00+00:00,28425.465,28432.543,28425.121,28426.219,57640
2026-07-31T11:59:00+00:00,28425.565,28427.875,28420.354,28426.187,67320
2026-07-31T12:00:00+00:00,28426.464,28427.931,28397.953,28404.199,73920
2026-07-31T12:01:00+00:00,28404.021,28407.519,28394.132,28397.143,72160
2026-07-31T12:02:00+00:00,28397.31,28398.831,28393.364,28397.12,68420
2026-07-31T12:03:00+00:00,28397.386,28397.576,28381.81,28383.699,71720
2026-07-31T12:04:00+00:00,28383.208,28385.897,28379.121,28385.043,62920
2026-07-31T12:05:00+00:00,28385.487,28386.909,28373.61,28375.954,75900
2026-07-31T12:06:00+00:00,28375.686,28384.675,28372.121,28384.675,73480
2026-07-31T12:07:00+00:00,28385.053,28386.976,28380.165,28380.165,65340
2026-07-31T12:08:00+00:00,28380.132,28387.875,28374.331,28375.865,73480
2026-07-31T12:09:00+00:00,28375.697,28377.153,28368.299,28372.699,72160
2026-07-31T12:10:00+00:00,28372.964,28373.442,28356.954,28359.62,72600
2026-07-31T12:11:00+00:00,28359.897,28364.976,28357.643,28360.187,68860
2026-07-31T12:12:00+00:00,28360.389,28365.008,28353.219,28363.543,72600
2026-07-31T12:13:00+00:00,28363.854,28366.486,28356.62,28362.564,68640
2026-07-31T12:14:00+00:00,28362.375,28362.475,28350.043,28353.408,71500
2026-07-31T12:15:00+00:00,28353.11,28355.289,28341.564,28342.386,70840
2026-07-31T12:16:00+00:00,28342.521,28344.053,28329.986,28340.486,72600
2026-07-31T12:17:00+00:00,28340.509,28350.008,28338.397,28342.886,68420
2026-07-31T12:18:00+00:00,28342.408,28346.599,28329.332,28329.332,69520
2026-07-31T12:19:00+00:00,28329.532,28336.675,28322.686,28328.219,69520
2026-07-31T12:20:00+00:00,28328.886,28342.043,28326.131,28342.043,71500
2026-07-31T12:21:00+00:00,28342.11,28356.454,28342.11,28354.154,70840
2026-07-31T12:22:00+00:00,28354.432,28355.209,28340.032,28340.175,70180
2026-07-31T12:23:00+00:00,28340.197,28341.908,28322.654,28341.443,73920
2026-07-31T12:24:00+00:00,28341.208,28356.865,28340.709,28356.719,70620
2026-07-31T12:25:00+00:00,28356.921,28364.953,28351.953,28364.41,72380
2026-07-31T12:26:00+00:00,28363.61,28365.899,28357.986,28362.565,67760
2026-07-31T12:27:00+00:00,28362.553,28363.81,28351.187,28352.61,61820
2026-07-31T12:28:00+00:00,28352.542,28371.289,28352.542,28370.353,63580
2026-07-31T12:29:00+00:00,28370.12,28378.098,28368.643,28369.976,55000
2026-07-31T12:30:00+00:00,28370.409,28372.719,28329.942,28369.664,75460
2026-07-31T12:31:00+00:00,28370.019,28375.008,28355.897,28359.089,77000
2026-07-31T12:32:00+00:00,28359.342,28359.342,28345.31,28350.375,74360
2026-07-31T12:33:00+00:00,28350.02,28353.92,28328.454,28329.909,77000
2026-07-31T12:34:00+00:00,28329.665,28339.187,28326.932,28333.998,70620
2026-07-31T12:35:00+00:00,28334.42,28343.508,28324.187,28341.653,76120
2026-07-31T12:36:00+00:00,28341.32,28346.389,28327.119,28333.008,73040
2026-07-31T12:37:00+00:00,28332.708,28339.189,28329.52,28333.464,72820
2026-07-31T12:38:00+00:00,28334.589,28340.376,28323.453,28334.199,74360
2026-07-31T12:39:00+00:00,28334.176,28335.197,28320.11,28325.11,72600
2026-07-31T12:40:00+00:00,28325.131,28328.289,28320.608,28325.697,76120
2026-07-31T12:41:00+00:00,28326.099,28340.208,28317.586,28331.42,76340
2026-07-31T12:42:00+00:00,28331.389,28333.098,28305.676,28309.497,75460
2026-07-31T12:43:00+00:00,28310.175,28327.443,28307.165,28326.543,71940
2026-07-31T12:44:00+00:00,28326.843,28328.054,28321.364,28326.119,69520
2026-07-31T12:45:00+00:00,28325.398,28331.821,28312.187,28324.087,75460
2026-07-31T12:46:00+00:00,28323.486,28329.909,28310.676,28323.908,72820
2026-07-31T12:47:00+00:00,28323.954,28329.364,28316.543,28322.121,69520
2026-07-31T12:48:00+00:00,28322.043,28326.386,28318.143,28318.609,67980
2026-07-31T12:49:00+00:00,28318.421,28325.208,28315.943,28324.865,69960
2026-07-31T12:50:00+00:00,28324.708,28328.11,28315.365,28325.019,69960
2026-07-31T12:51:00+00:00,28324.508,28352.799,28324.189,28350.61,72820
2026-07-31T12:52:00+00:00,28350.919,28358.942,28350.043,28357.932,73040
2026-07-31T12:53:00+00:00,28358.175,28361.375,28353.554,28360.164,69300
2026-07-31T12:54:00+00:00,28360.542,28360.964,28352.132,28358.909,66000
2026-07-31T12:55:00+00:00,28358.51,28363.054,28353.875,28354.564,67980
2026-07-31T12:56:00+00:00,28354.508,28359.908,28350.065,28355.008,71720
2026-07-31T12:57:00+00:00,28354.91,28357.789,28338.61,28341.208,69300
2026-07-31T12:58:00+00:00,28341.32,28344.531,28336.408,28342.419,75240
2026-07-31T12:59:00+00:00,28342.609,28344.475,28336.087,28340.82,70620
2026-07-31T13:00:00+00:00,28341.187,28347.021,28330.532,28332.887,78760
2026-07-31T13:01:00+00:00,28332.865,28346.143,28329.486,28339.086,77660
2026-07-31T13:02:00+00:00,28339.289,28359.699,28336.864,28358.898,77440
2026-07-31T13:03:00+00:00,28359.154,28368.61,28358.908,28364.997,77660
2026-07-31T13:04:00+00:00,28364.708,28369.419,28362.019,28362.019,70180
2026-07-31T13:05:00+00:00,28362.098,28373.354,28358.886,28372.431,71500
2026-07-31T13:06:00+00:00,28372.208,28375.931,28366.053,28366.698,73700
2026-07-31T13:07:00+00:00,28366.689,28375.321,28366.131,28374.065,69740
2026-07-31T13:08:00+00:00,28374.208,28379.376,28373.443,28377.443,73260
2026-07-31T13:09:00+00:00,28377.897,28385.665,28376.519,28381.11,71280
2026-07-31T13:10:00+00:00,28381.686,28401.453,28381.686,28399.664,72160
2026-07-31T13:11:00+00:00,28399.864,28402.11,28390.086,28394.664,70840
2026-07-31T13:12:00+00:00,28394.164,28395.199,28388.997,28391.931,70620
2026-07-31T13:13:00+00:00,28391.965,28394.032,28388.299,28392.143,65560
2026-07-31T13:14:00+00:00,28391.998,28402.986,28390.019,28402.408,73260
2026-07-31T13:15:00+00:00,28402.12,28412.564,28402.12,28409.519,73040
2026-07-31T13:16:00+00:00,28409.121,28416.889,28409.121,28416.632,72600
2026-07-31T13:17:00+00:00,28416.564,28417.164,28410.31,28413.599,70840
2026-07-31T13:18:00+00:00,28413.108,28416.954,28406.342,28410.597,70400
2026-07-31T13:19:00+00:00,28411.321,28418.653,28407.965,28412.087,74800
2026-07-31T13:20:00+00:00,28412.008,28415.886,28404.176,28406.886,75020
2026-07-31T13:21:00+00:00,28407.031,28412.165,28404.575,28410.132,71060
2026-07-31T13:22:00+00:00,28409.886,28420.199,28402.153,28419.209,76120
2026-07-31T13:23:00+00:00,28418.587,28424.843,28413.42,28422.331,73920
2026-07-31T13:24:00+00:00,28421.521,28421.986,28409.608,28421.597,75020
2026-07-31T13:25:00+00:00,28421.431,28435.121,28421.431,28433.075,74800
2026-07-31T13:26:00+00:00,28432.965,28440.019,28427.932,28428.089,75240
2026-07-31T13:27:00+00:00,28427.698,28437.789,28422.443,28436.854,77220
2026-07-31T13:28:00+00:00,28440.508,28453.921,28436.631,28440.631,80740
2026-07-31T13:29:00+00:00,28440.975,28455.389,28431.554,28449.508,78980
2026-07-31T13:30:00+00:00,28448.886,28485.554,28416.187,28471.631,152460
2026-07-31T13:31:00+00:00,28471.953,28505.099,28459.454,28499.61,162580
2026-07-31T13:32:00+00:00,28498.132,28539.076,28498.132,28537.454,127380
2026-07-31T13:33:00+00:00,28537.098,28568.097,28535.621,28560.465,126500
2026-07-31T13:34:00+00:00,28560.065,28581.698,28556.054,28563.542,120340
2026-07-31T13:35:00+00:00,28557.943,28598.008,28553.708,28581.799,123640
2026-07-31T13:36:00+00:00,28581.086,28584.476,28544.864,28554.199,133980
2026-07-31T13:37:00+00:00,28554.375,28558.053,28519.187,28532.654,135300
2026-07-31T13:38:00+00:00,28532.553,28535.331,28457.186,28477.51,153120
2026-07-31T13:39:00+00:00,28479.454,28481.41,28429.542,28435.332,158620
2026-07-31T13:40:00+00:00,28433.953,28447.01,28389.964,28409.009,156640
2026-07-31T13:41:00+00:00,28407.61,28449.965,28395.154,28398.575,154660
2026-07-31T13:42:00+00:00,28400.008,28415.032,28349.509,28351.664,162140
2026-07-31T13:43:00+00:00,28352.675,28373.909,28309.419,28343.954,168740
2026-07-31T13:44:00+00:00,28343.053,28356.02,28289.453,28292.089,168080
2026-07-31T13:45:00+00:00,28292.009,28345.431,28281.564,28303.342,177100
2026-07-31T13:46:00+00:00,28304.553,28307.719,28257.376,28271.831,172040
2026-07-31T13:47:00+00:00,28273.364,28291.664,28243.42,28252.81,179080
2026-07-31T13:48:00+00:00,28253.631,28262.099,28203.353,28222.953,168960
2026-07-31T13:49:00+00:00,28223.953,28241.299,28195.121,28233.931,174240
2026-07-31T13:50:00+00:00,28234.931,28259.075,28192.431,28219.108,180840
2026-07-31T13:51:00+00:00,28220.343,28265.599,28213.364,28265.599,165220
2026-07-31T13:52:00+00:00,28264.199,28280.087,28212.165,28218.942,176220
2026-07-31T13:53:00+00:00,28218.676,28219.009,28181.164,28196.608,183040
2026-07-31T13:54:00+00:00,28195.497,28210.897,28169.086,28203.853,179300
2026-07-31T13:55:00+00:00,28205.164,28236.921,28184.709,28234.454,180840
2026-07-31T13:56:00+00:00,28234.799,28270.121,28226.653,28269.353,183260
2026-07-31T13:57:00+00:00,28270.031,28285.698,28243.531,28246.543,161040
2026-07-31T13:58:00+00:00,28247.353,28255.398,28212.031,28214.075,146080
2026-07-31T13:59:00+00:00,28214.887,28253.032,28213.897,28230.709,132880
2026-07-31T14:00:00+00:00,28231.064,28263.021,28195.199,28216.542,154880
2026-07-31T14:01:00+00:00,28217.187,28220.465,28164.021,28198.02,173360
2026-07-31T14:02:00+00:00,28197.208,28210.931,28144.609,28160.232,168080
2026-07-31T14:03:00+00:00,28160.265,28182.476,28137.676,28155.021,170500
2026-07-31T14:04:00+00:00,28155.108,28160.289,28114.01,28115.186,147400
2026-07-31T14:05:00+00:00,28114.989,28129.11,28094.997,28123.209,154440
2026-07-31T14:06:00+00:00,28122.808,28143.676,28083.776,28084.665,140360
2026-07-31T14:07:00+00:00,28084.719,28088.189,28032.242,28062.175,146740
2026-07-31T14:08:00+00:00,28062.519,28066.697,27997.031,28022.42,151580
2026-07-31T14:09:00+00:00,28023.064,28039.942,27996.22,28024.989,152900
2026-07-31T14:10:00+00:00,28026.999,28046.098,27975.142,27999.819,174020
2026-07-31T14:11:00+00:00,27999.642,28042.064,27994.487,28041.453,174240
2026-07-31T14:12:00+00:00,28041.576,28063.131,28004.143,28012.631,170500
2026-07-31T14:13:00+00:00,28011.197,28017.153,27981.286,27991.931,169840
2026-07-31T14:14:00+00:00,27991.287,28022.62,27973.62,28009.543,169400
2026-07-31T14:15:00+00:00,28009.71,28034.742,27983.743,27996.721,154220
2026-07-31T14:16:00+00:00,27996.164,28000.02,27952.075,27984.631,151800
2026-07-31T14:17:00+00:00,27986.175,28033.097,27986.042,28006.543,170720
2026-07-31T14:18:00+00:00,28006.498,28068.032,28004.998,28065.943,155540
2026-07-31T14:19:00+00:00,28066.676,28086.608,28048.92,28051.632,158180
2026-07-31T14:20:00+00:00,28050.41,28108.054,28030.108,28097.164,161480
2026-07-31T14:21:00+00:00,28097.189,28108.976,28049.521,28078.142,173140
2026-07-31T14:22:00+00:00,28077.232,28119.676,28072.41,28109.899,153340
2026-07-31T14:23:00+00:00,28110.399,28119.065,28078.475,28103.565,164340
2026-07-31T14:24:00+00:00,28103.642,28104.71,28036.619,28067.199,158840
2026-07-31T14:25:00+00:00,28067.587,28094.431,28050.665,28066.631,162800
2026-07-31T14:26:00+00:00,28067.41,28081.443,28048.243,28066.954,164340
2026-07-31T14:27:00+00:00,28066.943,28104.576,28035.765,28099.119,159720
2026-07-31T14:28:00+00:00,28100.91,28126.399,28092.186,28124.687,149380
2026-07-31T14:29:00+00:00,28124.621,28130.51,28094.475,28122.787,140580
2026-07-31T14:30:00+00:00,28124.564,28137.753,28106.809,28127.275,152020
2026-07-31T14:31:00+00:00,28127.121,28154.289,28119.72,28124.054,139920
2026-07-31T14:32:00+00:00,28125.62,28129.632,28093.632,28129.632,149820
2026-07-31T14:33:00+00:00,28129.042,28147.009,28101.764,28102.508,143660
2026-07-31T14:34:00+00:00,28102.231,28120.399,28084.808,28111.664,143880
2026-07-31T14:35:00+00:00,28112.621,28157.108,28108.087,28154.999,135740
2026-07-31T14:36:00+00:00,28154.032,28160.464,28133.964,28148.697,140140
2026-07-31T14:37:00+00:00,28148.721,28164.799,28140.286,28149.975,137500
2026-07-31T14:38:00+00:00,28149.132,28162.987,28134.475,28134.475,127600
2026-07-31T14:39:00+00:00,28134.521,28156.91,28131.086,28143.532,123200
2026-07-31T14:40:00+00:00,28142.054,28167.699,28140.954,28157.642,126280
2026-07-31T14:41:00+00:00,28157.687,28162.91,28118.653,28122.043,132440
2026-07-31T14:42:00+00:00,28122.119,28122.497,28084.254,28109.065,145420
2026-07-31T14:43:00+00:00,28109.276,28134.598,28096.489,28131.197,144980
2026-07-31T14:44:00+00:00,28136.219,28152.653,28127.675,28141.954,133760
2026-07-31T14:45:00+00:00,28141.575,28150.189,28115.119,28122.697,143220
2026-07-31T14:46:00+00:00,28122.964,28177.175,28109.642,28146.497,139700
2026-07-31T14:47:00+00:00,28146.389,28156.509,28123.232,28151.719,135740
2026-07-31T14:48:00+00:00,28151.432,28189.498,28142.953,28189.154,127600
2026-07-31T14:49:00+00:00,28189.197,28211.031,28178.42,28204.553,113960
2026-07-31T14:50:00+00:00,28205.142,28214.921,28190.809,28199.532,117700
2026-07-31T14:51:00+00:00,28199.72,28218.219,28195.621,28212.087,120120
2026-07-31T14:52:00+00:00,28212.486,28214.62,28195.676,28205.219,113960
2026-07-31T14:53:00+00:00,28204.132,28217.476,28196.553,28209.697,115940
2026-07-31T14:54:00+00:00,28209.565,28211.131,28163.165,28170.499,115280
2026-07-31T14:55:00+00:00,28172.442,28178.608,28136.642,28149.165,130680
2026-07-31T14:56:00+00:00,28148.41,28194.164,28128.232,28185.319,126720
2026-07-31T14:57:00+00:00,28186.009,28206.254,28177.032,28181.776,123420
2026-07-31T14:58:00+00:00,28182.486,28193.921,28158.465,28193.921,118800
2026-07-31T14:59:00+00:00,28193.531,28195.186,28173.009,28180.486,114180
2026-07-31T15:00:00+00:00,28179.921,28197.12,28156.253,28157.265,132000
2026-07-31T15:01:00+00:00,28157.208,28180.132,28153.197,28161.764,134640
2026-07-31T15:02:00+00:00,28163.054,28186.176,28159.076,28175.264,128700
2026-07-31T15:03:00+00:00,28174.453,28184.464,28146.742,28161.665,134860
2026-07-31T15:04:00+00:00,28161.676,28200.254,28157.899,28194.61,123420
2026-07-31T15:05:00+00:00,28193.709,28214.319,28172.586,28173.197,113080
2026-07-31T15:06:00+00:00,28174.199,28196.208,28173.209,28177.464,124520
2026-07-31T15:07:00+00:00,28177.786,28186.986,28160.72,28176.008,122980
2026-07-31T15:08:00+00:00,28175.775,28179.789,28156.209,28160.989,125840
2026-07-31T15:09:00+00:00,28160.754,28164.699,28129.219,28150.242,125840
2026-07-31T15:10:00+00:00,28149.689,28157.889,28124.787,28139.643,133980
2026-07-31T15:11:00+00:00,28139.42,28142.487,28096.11,28104.465,132220
2026-07-31T15:12:00+00:00,28105.998,28142.719,28087.565,28138.519,132880
2026-07-31T15:13:00+00:00,28140.131,28151.576,28118.687,28148.642,132660
2026-07-31T15:14:00+00:00,28147.52,28172.02,28140.486,28142.432,122760
2026-07-31T15:15:00+00:00,28142.286,28210.721,28139.608,28178.964,125400
2026-07-31T15:16:00+00:00,28178.708,28182.497,28116.632,28132.065,126280
2026-07-31T15:17:00+00:00,28131.687,28138.921,28113.042,28125.753,126280
2026-07-31T15:18:00+00:00,28125.998,28134.72,28109.489,28131.509,119460
2026-07-31T15:19:00+00:00,28131.208,28144.109,28124.043,28134.009,119240
2026-07-31T15:20:00+00:00,28133.542,28142.61,28109.197,28117.719,126500
2026-07-31T15:21:00+00:00,28117.142,28137.032,28093.086,28095.065,124960
2026-07-31T15:22:00+00:00,28095.51,28108.964,28079.319,28086.631,121660
2026-07-31T15:23:00+00:00,28087.187,28096.964,28075.153,28090.743,121000
2026-07-31T15:24:00+00:00,28091.72,28093.131,28065.998,28067.742,109120
2026-07-31T15:25:00+00:00,28068.453,28080.176,28046.043,28049.598,119240
2026-07-31T15:26:00+00:00,28050.797,28059.475,28004.942,28015.053,119020
2026-07-31T15:27:00+00:00,28013.998,28028.709,28004.143,28005.943,128480
2026-07-31T15:28:00+00:00,28006.554,28029.553,27994.71,28027.508,119240
2026-07-31T15:29:00+00:00,28025.676,28036.71,28007.987,28023.52,130680
2026-07-31T15:30:00+00:00,28023.708,28039.61,28012.486,28026.72,138160
2026-07-31T15:31:00+00:00,28026.531,28051.275,28020.775,28024.164,127820
2026-07-31T15:32:00+00:00,28023.52,28032.41,28012.764,28029.989,120780
2026-07-31T15:33:00+00:00,28027.475,28033.308,28010.732,28015.953,115060
2026-07-31T15:34:00+00:00,28015.976,28046.42,27988.431,28045.576,119680
2026-07-31T15:35:00+00:00,28048.499,28076.12,28044.586,28062.665,127380
2026-07-31T15:36:00+00:00,28063.289,28086.42,28058.608,28067.809,123860
2026-07-31T15:37:00+00:00,28067.286,28093.298,28067.219,28089.731,111980
2026-07-31T15:38:00+00:00,28090.986,28132.687,28090.698,28121.242,106700
2026-07-31T15:39:00+00:00,28121.489,28126.264,28102.009,28107.389,112640
2026-07-31T15:40:00+00:00,28107.953,28120.975,28094.965,28102.021,120780
2026-07-31T15:41:00+00:00,28101.121,28103.199,28044.243,28052.442,128480
2026-07-31T15:42:00+00:00,28052.443,28064.389,28040.032,28052.953,118800
2026-07-31T15:43:00+00:00,28053.231,28074.289,28036.197,28073.621,121660
2026-07-31T15:44:00+00:00,28073.432,28089.165,28069.676,28085.932,119460
2026-07-31T15:45:00+00:00,28086.175,28097.731,28062.775,28077.198,122100
2026-07-31T15:46:00+00:00,28077.598,28093.698,28066.21,28066.232,124300
2026-07-31T15:47:00+00:00,28067.087,28074.789,28039.298,28052.554,124080
2026-07-31T15:48:00+00:00,28053.042,28073.919,28042.775,28072.489,123860
2026-07-31T15:49:00+00:00,28072.61,28081.676,28054.787,28067.52,119460
2026-07-31T15:50:00+00:00,28067.142,28109.554,28062.075,28104.599,121220
2026-07-31T15:51:00+00:00,28105.575,28125.719,28098.797,28124.665,120120
2026-07-31T15:52:00+00:00,28124.231,28142.753,28103.198,28136.898,108240
2026-07-31T15:53:00+00:00,28135.865,28141.664,28116.489,28126.619,105820
2026-07-31T15:54:00+00:00,28126.154,28160.121,28121.543,28153.387,103620
2026-07-31T15:55:00+00:00,28153.399,28164.209,28134.286,28145.842,108020
2026-07-31T15:56:00+00:00,28144.898,28156.72,28141.143,28150.653,107580
2026-07-31T15:57:00+00:00,28150.597,28163.686,28149.331,28155.632,100540
2026-07-31T15:58:00+00:00,28156.175,28167.709,28139.865,28140.164,104280
2026-07-31T15:59:00+00:00,28141.221,28149.809,28124.364,28146.543,102520
2026-07-31T16:00:00+00:00,28147.742,28167.708,28130.61,28165.409,113300
2026-07-31T16:01:00+00:00,28166.889,28181.364,28160.043,28160.043,101200
2026-07-31T16:02:00+00:00,28161.808,28171.208,28143.643,28153.664,107580
2026-07-31T16:03:00+00:00,28154.254,28165.676,28149.776,28160.253,102960
2026-07-31T16:04:00+00:00,28160.232,28179.989,28158.342,28163.665,96580
2026-07-31T16:05:00+00:00,28163.243,28170.419,28145.909,28147.632,102300
2026-07-31T16:06:00+00:00,28147.542,28153.989,28125.386,28138.676,102960
2026-07-31T16:07:00+00:00,28138.664,28142.289,28118.275,28131.299,102960
2026-07-31T16:08:00+00:00,28131.308,28150.309,28127.775,28149.087,101420
2026-07-31T16:09:00+00:00,28149.789,28155.789,28144.875,28147.243,105600
2026-07-31T16:10:00+00:00,28148.308,28160.708,28142.31,28152.899,107580
2026-07-31T16:11:00+00:00,28152.721,28168.654,28146.153,28167.664,103400
2026-07-31T16:12:00+00:00,28168.289,28176.865,28155.875,28161.542,98560
2026-07-31T16:13:00+00:00,28162.064,28177.31,28152.908,28176.364,99000
2026-07-31T16:14:00+00:00,28177.409,28181.276,28156.264,28173.676,96580
2026-07-31T16:15:00+00:00,28173.843,28183.065,28135.231,28138.642,102520
2026-07-31T16:16:00+00:00,28138.865,28156.775,28129.389,28153.82,108680
2026-07-31T16:17:00+00:00,28153.709,28168.576,28146.52,28163.798,102300
2026-07-31T16:18:00+00:00,28163.999,28173.11,28153.321,28170.576,103620
2026-07-31T16:19:00+00:00,28170.387,28176.232,28159.054,28165.398,96580
2026-07-31T16:20:00+00:00,28165.642,28181.908,28158.909,28181.853,102520
2026-07-31T16:21:00+00:00,28181.708,28187.842,28167.053,28175.521,95920
2026-07-31T16:22:00+00:00,28175.631,28188.799,28170.053,28183.319,92400
2026-07-31T16:23:00+00:00,28183.353,28193.675,28182.798,28192.099,91080
2026-07-31T16:24:00+00:00,28191.242,28213.898,28191.242,28205.619,90860
2026-07-31T16:25:00+00:00,28206.11,28207.331,28179.02,28186.899,96800
2026-07-31T16:26:00+00:00,28185.742,28200.389,28179.532,28198.187,93500
2026-07-31T16:27:00+00:00,28200.375,28211.798,28195.731,28196.31,89540
2026-07-31T16:28:00+00:00,28195.697,28219.209,28193.375,28216.789,91740
2026-07-31T16:29:00+00:00,28217.631,28237.064,28216.543,28237.064,86680
2026-07-31T16:30:00+00:00,28236.642,28254.419,28228.186,28228.675,95260
2026-07-31T16:31:00+00:00,28229.521,28248.665,28226.331,28247.831,93060
2026-07-31T16:32:00+00:00,28249.621,28256.589,28245.687,28251.165,86900
2026-07-31T16:33:00+00:00,28251.021,28260.287,28243.354,28257.832,89980
2026-07-31T16:34:00+00:00,28257.831,28260.065,28244.686,28249.676,86240
2026-07-31T16:35:00+00:00,28248.387,28262.308,28246.099,28256.021,71060
2026-07-31T16:36:00+00:00,28256.198,28257.643,28234.099,28235.776,92400
2026-07-31T16:37:00+00:00,28235.353,28247.899,28234.099,28242.865,88660
2026-07-31T16:38:00+00:00,28242.919,28245.332,28229.621,28231.853,89320
2026-07-31T16:39:00+00:00,28231.419,28243.71,28229.331,28236.253,90640
2026-07-31T16:40:00+00:00,28235.354,28244.153,28228.875,28233.632,93500
2026-07-31T16:41:00+00:00,28233.231,28237.054,28202.419,28202.642,94160
2026-07-31T16:42:00+00:00,28202.731,28214.709,28194.809,28210.209,97240
2026-07-31T16:43:00+00:00,28210.165,28216.265,28195.387,28198.397,96800
2026-07-31T16:44:00+00:00,28199.221,28203.789,28187.221,28194.62,95480
2026-07-31T16:45:00+00:00,28194.543,28206.609,28181.62,28199.643,101200
2026-07-31T16:46:00+00:00,28199.154,28217.308,28186.375,28217.142,97240
2026-07-31T16:47:00+00:00,28217.132,28220.032,28207.853,28217.989,93280
2026-07-31T16:48:00+00:00,28217.889,28218.397,28206.764,28215.186,95040
2026-07-31T16:49:00+00:00,28215.254,28222.287,28202.397,28221.187,96800
2026-07-31T16:50:00+00:00,28222.389,28239.708,28217.719,28233.675,94380
2026-07-31T16:51:00+00:00,28233.61,28254.62,28227.599,28244.865,89100
2026-07-31T16:52:00+00:00,28244.876,28248.698,28236.319,28240.186,90640
2026-07-31T16:53:00+00:00,28240.087,28245.389,28235.12,28240.82,89320
2026-07-31T16:54:00+00:00,28241.61,28249.642,28225.743,28227.643,90200
2026-07-31T16:55:00+00:00,28225.842,28244.419,28225.253,28239.31,91080
2026-07-31T16:56:00+00:00,28239.754,28251.999,28235.743,28243.389,89760
2026-07-31T16:57:00+00:00,28243.365,28260.71,28243.342,28258.231,89100
2026-07-31T16:58:00+00:00,28257.909,28262.999,28248.076,28250.765,87340
2026-07-31T16:59:00+00:00,28250.397,28253.889,28239.321,28240.11,89100
2026-07-31T17:00:00+00:00,28239.254,28259.264,28233.209,28257.81,96580
2026-07-31T17:01:00+00:00,28258.72,28280.999,28252.276,28278.408,90640
2026-07-31T17:02:00+00:00,28278.732,28281.499,28271.032,28273.209,81840
2026-07-31T17:03:00+00:00,28273.31,28282.275,28271.11,28279.408,83380
2026-07-31T17:04:00+00:00,28279.21,28281.099,28268.743,28268.854,84040
2026-07-31T17:05:00+00:00,28267.686,28278.131,28262.553,28269.843,83160
2026-07-31T17:06:00+00:00,28269.631,28272.121,28255.531,28257.098,84920
2026-07-31T17:07:00+00:00,28256.819,28258.687,28241.821,28242.586,89320
2026-07-31T17:08:00+00:00,28242.375,28250.32,28237.908,28248.243,88220
2026-07-31T17:09:00+00:00,28248.409,28255.587,28243.165,28252.099,87560
2026-07-31T17:10:00+00:00,28251.899,28267.143,28240.721,28258.154,88440
2026-07-31T17:11:00+00:00,28259.197,28277.719,28258.62,28275.108,86020
2026-07-31T17:12:00+00:00,28275.499,28283.797,28274.875,28276.864,82720
2026-07-31T17:13:00+00:00,28277.154,28279.989,28271.242,28274.208,80520
2026-07-31T17:14:00+00:00,28274.042,28279.865,28268.187,28275.897,81400
2026-07-31T17:15:00+00:00,28276.108,28293.531,28271.619,28284.342,82500
2026-07-31T17:16:00+00:00,28285.376,28295.221,28276.51,28279.62,82940
2026-07-31T17:17:00+00:00,28279.399,28282.219,28272.71,28273.321,79420
2026-07-31T17:18:00+00:00,28273.164,28281.364,28269.109,28275.71,83380
2026-07-31T17:19:00+00:00,28276.099,28293.299,28275.054,28290.909,74580
2026-07-31T17:20:00+00:00,28291.187,28296.176,28289.308,28292.853,79420
2026-07-31T17:21:00+00:00,28292.776,28293.599,28281.71,28282.032,78320
2026-07-31T17:22:00+00:00,28282.376,28286.354,28269.832,28286.089,79860
2026-07-31T17:23:00+00:00,28287.298,28302.575,28285.132,28302.121,78540
2026-07-31T17:24:00+00:00,28302.254,28328.675,28301.364,28326.809,81620
2026-07-31T17:25:00+00:00,28326.387,28337.642,28325.175,28334.376,82280
2026-07-31T17:26:00+00:00,28334.889,28336.532,28323.275,28336.243,82060
2026-07-31T17:27:00+00:00,28337.275,28349.865,28328.132,28328.31,90200
2026-07-31T17:28:00+00:00,28329.154,28342.576,28327.876,28329.631,84480
2026-07-31T17:29:00+00:00,28329.675,28340.889,28328.153,28334.81,86240
2026-07-31T17:30:00+00:00,28335.51,28336.097,28323.821,28328.208,88440
2026-07-31T17:31:00+00:00,28327.687,28340.664,28326.32,28333.621,85580
2026-07-31T17:32:00+00:00,28334.365,28340.153,28322.197,28334.175,85800
2026-07-31T17:33:00+00:00,28334.021,28353.71,28331.832,28353.564,85580
2026-07-31T17:34:00+00:00,28353.698,28357.797,28349.832,28354.642,82060
2026-07-31T17:35:00+00:00,28354.632,28363.243,28348.821,28359.686,84480
2026-07-31T17:36:00+00:00,28359.021,28366.697,28358.586,28362.243,83820
2026-07-31T17:37:00+00:00,28362.042,28372.531,28361.531,28371.653,81620
2026-07-31T17:38:00+00:00,28371.187,28375.787,28351.743,28352.098,85140
2026-07-31T17:39:00+00:00,28351.708,28351.708,28327.886,28327.886,86240
2026-07-31T17:40:00+00:00,28328.409,28344.164,28325.109,28338.698,86240
2026-07-31T17:41:00+00:00,28338.697,28341.289,28325.132,28329.599,88880
2026-07-31T17:42:00+00:00,28329.275,28329.553,28316.186,28320.589,86680
2026-07-31T17:43:00+00:00,28321.089,28334.099,28319.253,28333.332,87780
2026-07-31T17:44:00+00:00,28332.875,28339.719,28324.842,28329.119,83160
2026-07-31T17:45:00+00:00,28329.299,28337.589,28323.854,28324.264,88220
2026-07-31T17:46:00+00:00,28324.375,28348.653,28324.375,28336.664,84920
2026-07-31T17:47:00+00:00,28336.331,28338.265,28308.709,28308.709,88660
2026-07-31T17:48:00+00:00,28308.121,28311.521,28292.364,28301.399,94820
2026-07-31T17:49:00+00:00,28300.899,28307.787,28291.042,28295.089,90860
2026-07-31T17:50:00+00:00,28293.853,28304.632,28289.276,28302.864,92620
2026-07-31T17:51:00+00:00,28303.021,28321.208,28293.789,28321.208,92840
2026-07-31T17:52:00+00:00,28322.564,28337.242,28318.298,28319.687,89760
2026-07-31T17:53:00+00:00,28320.364,28326.719,28313.81,28316.143,86680
2026-07-31T17:54:00+00:00,28315.353,28324.176,28313.319,28316.687,85360
2026-07-31T17:55:00+00:00,28316.899,28328.732,28314.854,28323.787,88440
2026-07-31T17:56:00+00:00,28323.81,28331.408,28318.719,28320.408,85360
2026-07-31T17:57:00+00:00,28320.11,28321.143,28308.809,28319.01,86680
2026-07-31T17:58:00+00:00,28319.209,28320.121,28308.064,28309.31,86240
2026-07-31T17:59:00+00:00,28309.62,28309.62,28298.132,28301.676,86460
2026-07-31T18:00:00+00:00,28301.865,28315.889,28292.087,28314.342,93500
2026-07-31T18:01:00+00:00,28314.389,28332.243,28314.389,28319.919,90640
2026-07-31T18:02:00+00:00,28319.332,28321.853,28309.899,28314.489,90200
2026-07-31T18:03:00+00:00,28314.697,28317.61,28301.808,28304.353,85140
2026-07-31T18:04:00+00:00,28303.499,28312.197,28299.742,28300.01,86460
2026-07-31T18:05:00+00:00,28300.399,28301.342,28287.864,28299.397,88880
2026-07-31T18:06:00+00:00,28299.399,28324.889,28299.399,28317.376,87780
2026-07-31T18:07:00+00:00,28317.154,28319.808,28301.82,28306.754,90860
2026-07-31T18:08:00+00:00,28306.187,28316.399,28301.187,28309.886,83820
2026-07-31T18:09:00+00:00,28310.099,28312.72,28301.132,28301.853,85140
2026-07-31T18:10:00+00:00,28301.22,28309.865,28290.786,28292.875,87780
2026-07-31T18:11:00+00:00,28291.72,28293.209,28271.142,28275.61,89540
2026-07-31T18:12:00+00:00,28275.775,28283.608,28269.642,28271.419,92620
2026-07-31T18:13:00+00:00,28271.343,28281.799,28268.854,28280.654,87780
2026-07-31T18:14:00+00:00,28279.887,28286.754,28269.332,28276.989,88660
2026-07-31T18:15:00+00:00,28276.208,28291.764,28271.209,28290.22,92400
2026-07-31T18:16:00+00:00,28290.742,28296.676,28287.419,28292.676,90640
2026-07-31T18:17:00+00:00,28292.532,28306.12,28288.687,28296.053,84700
2026-07-31T18:18:00+00:00,28296.597,28319.054,28294.12,28313.889,84480
2026-07-31T18:19:00+00:00,28313.131,28315.387,28298.887,28300.387,83600
2026-07-31T18:20:00+00:00,28300.687,28314.654,28293.876,28306.075,88000
2026-07-31T18:21:00+00:00,28306.186,28316.298,28300.81,28310.187,84920
2026-07-31T18:22:00+00:00,28310.375,28316.198,28303.81,28310.632,82060
2026-07-31T18:23:00+00:00,28310.842,28316.499,28307.62,28309.354,84260
2026-07-31T18:24:00+00:00,28309.209,28318.386,28307.797,28310.889,79420
2026-07-31T18:25:00+00:00,28310.599,28311.676,28289.075,28291.187,84480
2026-07-31T18:26:00+00:00,28291.708,28297.176,28286.032,28292.419,83160
2026-07-31T18:27:00+00:00,28293.819,28296.197,28286.276,28291.909,82500
2026-07-31T18:28:00+00:00,28292.021,28299.064,28288.153,28291.709,83600
2026-07-31T18:29:00+00:00,28291.186,28302.264,28290.387,28295.264,82060
2026-07-31T18:30:00+00:00,28295.21,28314.154,28295.21,28312.875,86680
2026-07-31T18:31:00+00:00,28313.064,28317.098,28306.408,28311.621,81400
2026-07-31T18:32:00+00:00,28311.675,28313.397,28306.531,28312.71,80740
2026-07-31T18:33:00+00:00,28312.387,28313.399,28306.408,28311.643,83160
2026-07-31T18:34:00+00:00,28311.32,28320.686,28307.687,28308.089,81840
2026-07-31T18:35:00+00:00,28308.089,28308.089,28289.087,28301.242,82500
2026-07-31T18:36:00+00:00,28300.787,28309.387,28296.132,28297.61,78540
2026-07-31T18:37:00+00:00,28297.142,28303.197,28288.809,28298.643,84260
2026-07-31T18:38:00+00:00,28298.576,28306.386,28298.121,28303.386,79640
2026-07-31T18:39:00+00:00,28303.875,28306.254,28298.398,28298.908,78320
2026-07-31T18:40:00+00:00,28299.331,28300.389,28289.31,28297.887,83380
2026-07-31T18:41:00+00:00,28298.109,28309.864,28296.165,28302.308,81840
2026-07-31T18:42:00+00:00,28302.554,28314.197,28297.81,28313.632,76340
2026-07-31T18:43:00+00:00,28313.209,28315.253,28308.11,28308.254,73920
2026-07-31T18:44:00+00:00,28307.864,28311.599,28301.853,28305.776,74580
2026-07-31T18:45:00+00:00,28305.389,28317.999,28304.031,28313.376,80520
2026-07-31T18:46:00+00:00,28314.089,28316.054,28299.031,28299.032,81400
2026-07-31T18:47:00+00:00,28299.399,28304.31,28295.631,28303.619,80300
2026-07-31T18:48:00+00:00,28303.61,28312.389,28300.142,28311.843,80300
2026-07-31T18:49:00+00:00,28312.389,28322.297,28308.621,28320.898,76560
2026-07-31T18:50:00+00:00,28320.708,28334.676,28320.708,28330.708,78980
2026-07-31T18:51:00+00:00,28330.686,28333.354,28322.321,28328.565,79640
2026-07-31T18:52:00+00:00,28328.808,28333.675,28323.043,28323.164,79420
2026-07-31T18:53:00+00:00,28323.853,28327.299,28319.21,28323.653,78320
2026-07-31T18:54:00+00:00,28323.908,28324.686,28316.51,28318.919,76120
2026-07-31T18:55:00+00:00,28318.798,28325.343,28302.409,28302.586,80300
2026-07-31T18:56:00+00:00,28302.765,28306.409,28296.831,28303.332,86900
2026-07-31T18:57:00+00:00,28303.342,28305.686,28289.697,28302.909,85360
2026-07-31T18:58:00+00:00,28303.642,28308.22,28300.099,28304.989,81400
2026-07-31T18:59:00+00:00,28304.875,28312.243,28300.82,28307.299,79640
2026-07-31T19:00:00+00:00,28306.989,28331.409,28304.175,28321.387,84480
2026-07-31T19:01:00+00:00,28321.642,28323.842,28308.108,28310.854,82280
2026-07-31T19:02:00+00:00,28311.576,28318.221,28305.898,28306.364,84480
2026-07-31T19:03:00+00:00,28306.398,28313.697,28301.32,28303.697,81400
2026-07-31T19:04:00+00:00,28302.798,28304.121,28293.81,28297.189,84260
2026-07-31T19:05:00+00:00,28297.397,28306.986,28286.098,28303.399,91080
2026-07-31T19:06:00+00:00,28304.064,28305.31,28286.676,28291.621,86680
2026-07-31T19:07:00+00:00,28291.899,28299.389,28281.453,28297.91,84700
2026-07-31T19:08:00+00:00,28297.931,28303.219,28292.519,28301.519,84480
2026-07-31T19:09:00+00:00,28301.899,28308.399,28297.975,28304.289,82720
2026-07-31T19:10:00+00:00,28303.976,28313.453,28301.553,28308.399,82720
2026-07-31T19:11:00+00:00,28308.389,28313.976,28300.42,28303.042,80520
2026-07-31T19:12:00+00:00,28303.376,28317.821,28295.032,28315.687,82500
2026-07-31T19:13:00+00:00,28315.421,28318.098,28311.364,28311.953,76120
2026-07-31T19:14:00+00:00,28312.009,28316.12,28307.187,28308.889,78540
2026-07-31T19:15:00+00:00,28308.142,28320.364,28302.51,28317.619,80740
2026-07-31T19:16:00+00:00,28317.632,28321.699,28309.41,28312.931,82280
2026-07-31T19:17:00+00:00,28312.209,28331.443,28311.021,28330.41,85360
2026-07-31T19:18:00+00:00,28330.62,28348.854,28330.554,28346.519,90420
2026-07-31T19:19:00+00:00,28346.689,28363.053,28346.399,28361.175,86460
2026-07-31T19:20:00+00:00,28361.92,28367.599,28355.554,28363.676,88880
2026-07-31T19:21:00+00:00,28363.176,28370.609,28360.187,28363.91,85360
2026-07-31T19:22:00+00:00,28364.331,28373.789,28363.197,28364.709,86020
2026-07-31T19:23:00+00:00,28364.409,28367.353,28352.61,28354.942,83380
2026-07-31T19:24:00+00:00,28354.921,28357.064,28343.553,28346.008,85140
2026-07-31T19:25:00+00:00,28345.932,28346.876,28336.665,28341.665,81840
2026-07-31T19:26:00+00:00,28341.543,28356.342,28341.543,28348.154,84040
2026-07-31T19:27:00+00:00,28348.065,28354.187,28344.153,28348.532,80520
2026-07-31T19:28:00+00:00,28348.209,28353.897,28347.208,28349.708,79640
2026-07-31T19:29:00+00:00,28349.92,28353.209,28344.342,28351.497,81840
2026-07-31T19:30:00+00:00,28349.675,28355.931,28319.876,28328.975,95700
2026-07-31T19:31:00+00:00,28328.943,28330.442,28318.075,28326.464,89760
2026-07-31T19:32:00+00:00,28326.608,28330.199,28318.498,28328.976,86460
2026-07-31T19:33:00+00:00,28329.176,28336.464,28325.375,28327.153,87120
2026-07-31T19:34:00+00:00,28327.008,28339.443,28323.643,28335.498,82060
2026-07-31T19:35:00+00:00,28335.164,28344.899,28329.531,28340.52,87560
2026-07-31T19:36:00+00:00,28341.075,28349.064,28335.642,28345.921,81400
2026-07-31T19:37:00+00:00,28346.198,28346.699,28333.021,28338.121,82060
2026-07-31T19:38:00+00:00,28338.676,28342.165,28327.476,28335.653,82720
2026-07-31T19:39:00+00:00,28335.42,28339.132,28332.365,28335.289,82060
2026-07-31T19:40:00+00:00,28333.975,28336.675,28321.175,28324.497,84480
2026-07-31T19:41:00+00:00,28323.932,28329.299,28311.61,28313.321,84480
2026-07-31T19:42:00+00:00,28313.032,28326.397,28310.31,28326.219,83820
2026-07-31T19:43:00+00:00,28327.475,28348.876,28327.475,28348.876,83380
2026-07-31T19:44:00+00:00,28348.976,28359.053,28344.686,28352.865,84920
2026-07-31T19:45:00+00:00,28352.865,28373.889,28352.865,28360.865,89760
2026-07-31T19:46:00+00:00,28361.608,28381.043,28360.932,28374.689,85580
2026-07-31T19:47:00+00:00,28374.908,28381.387,28358.164,28360.198,89320
2026-07-31T19:48:00+00:00,28360.098,28365.289,28356.831,28362.01,86460
2026-07-31T19:49:00+00:00,28362.887,28385.92,28360.154,28385.92,84040
2026-07-31T19:50:00+00:00,28385.419,28393.954,28363.686,28367.432,97900
2026-07-31T19:51:00+00:00,28365.597,28365.597,28349.632,28357.932,93940
2026-07-31T19:52:00+00:00,28357.665,28379.453,28356.954,28376.132,88000
2026-07-31T19:53:00+00:00,28376.208,28391.898,28368.887,28389.143,88000
2026-07-31T19:54:00+00:00,28387.842,28399.689,28379.998,28383.987,90420
2026-07-31T19:55:00+00:00,28383.587,28389.81,28338.464,28346.91,104500
2026-07-31T19:56:00+00:00,28346.443,28356.709,28345.52,28350.209,93280
2026-07-31T19:57:00+00:00,28349.92,28354.987,28331.52,28332.409,93280
2026-07-31T19:58:00+00:00,28333.098,28340.597,28324.12,28334.976,89980
2026-07-31T19:59:00+00:00,28334.708,28337.476,28270.086,28272.187,105160
2026-07-31T20:00:00+00:00,28271.708,28308.508,28260.365,28285.189,89980
2026-07-31T20:01:00+00:00,28285.142,28288.043,28262.865,28263.609,81180
2026-07-31T20:02:00+00:00,28263.387,28264.064,28216.697,28229.087,85360
2026-07-31T20:03:00+00:00,28228.865,28237.964,28221.587,28225.698,80520
2026-07-31T20:04:00+00:00,28226.51,28244.153,28222.41,28238.632,76340
2026-07-31T20:05:00+00:00,28238.608,28249.889,28223.486,28235.365,78540
2026-07-31T20:06:00+00:00,28235.689,28254.289,28232.375,28250.209,77660
2026-07-31T20:07:00+00:00,28250.397,28253.92,28237.131,28248.498,70840
2026-07-31T20:08:00+00:00,28248.386,28268.898,28245.42,28267.198,74360
2026-07-31T20:09:00+00:00,28267.689,28276.099,28261.875,28266.954,71940
2026-07-31T20:10:00+00:00,28266.909,28278.689,28263.586,28271.587,72600
2026-07-31T20:11:00+00:00,28271.919,28276.353,28266.397,28267.864,67980
2026-07-31T20:12:00+00:00,28268.076,28275.689,28265.82,28269.208,64460
2026-07-31T20:13:00+00:00,28269.432,28279.399,28269.432,28272.632,65780
2026-07-31T20:14:00+00:00,28271.609,28275.908,28268.031,28269.032,68860
